id,product_name,slug,category,store,price,discount_price,effective_price,stock,is_featured,tag
113,Acer SB220Q bi 21.5 inches Full HD (1920 x 1080) IPS Ultra-Thin,acer-sb220q-bi-215-inches-full-hd-1920-x-1080-ips-ultra-thin,Accessories,Bharatpur General Store,5500,5500.0,5500.0,42,False,HOT DEAL
500,Acer SB220Q bi 21.5 inches Full HD (1920 x 1080) IPS Ultra-Thin,acer-sb220q-bi-215-inches-full-hd-1920-x-1080-ips-ultra-thin-3,Accessories,Bharatpur General Store,5500,5500.0,5500.0,42,False,BEST DEAL
181,Acer SB220Q bi 21.5 inches Full HD (1920 x 1080) IPS Ultra-Thin - Bharatpur General Store,acer-sb220q-bi-215-inches-full-hd-1920-x-1080-ips-ultra-thin-2,Accessories,Bharatpur General Store,5500,5500.0,5500.0,42,False,BEST DEAL
37,Anker 735 Charger (GaNPrime 65W),anker-735-charger-ganprime-65w,Accessories,New Road Tech Suppliers,4500,,4500.0,50,False,Charger
269,Arduino Uno Kit 2,arduino-uno-kit-2,Accessories,New Road Tech Suppliers,3002,2791.0,2791.0,38,False,Maker
84,Arduino Uno Learning Kit,arduino-uno-learning-kit,Accessories,New Road Tech Suppliers,4500,4500.0,4500.0,20,False,Maker
275,Cable Organizer 2,cable-organizer-2,Accessories,New Road Tech Suppliers,800,704.0,704.0,68,False,Maker
40,CalDigit TS4 Thunderbolt 4 Dock,caldigit-ts4-thunderbolt-4-dock,Accessories,New Road Tech Suppliers,8000,,8000.0,50,False,Dock
542,Classic Black Baseball Cap,classic-black-baseball-cap-2,Accessories,Pokhara Modern Mall,700,,700.0,38,False,STYLE PICK
535,Classic Black Hooded Sweatshirt,classic-black-hooded-sweatshirt-3,Accessories,Pokhara Modern Mall,2200,,2200.0,24,False,STYLE PICK
547,Classic Black T-Shirt,classic-black-t-shirt-3,Accessories,Pokhara Modern Mall,1000,,1000.0,48,False,STYLE PICK
540,Classic Blue Baseball Cap,classic-blue-baseball-cap-2,Accessories,Pokhara Modern Mall,700,630.0,630.0,34,False,STYLE DEAL
227,Classic Blue Suede Casual Shoes,classic-blue-suede-casual-shoes,Accessories,Pokhara Modern Mall,2535,,2535.0,46,False,STYLE PICK
537,Classic Comfort Drawstring Joggers,classic-comfort-drawstring-joggers-3,Accessories,Pokhara Modern Mall,1800,,1800.0,28,False,STYLE PICK
536,Classic Comfort Fit Joggers,classic-comfort-fit-joggers-3,Accessories,Pokhara Modern Mall,1800,1620.0,1620.0,26,False,STYLE DEAL
534,Classic Grey Hooded Sweatshirt,classic-grey-hooded-sweatshirt-3,Accessories,Pokhara Modern Mall,2200,,2200.0,22,False,STYLE PICK
533,Classic Heather Gray Hoodie,classic-heather-gray-hoodie-3,Accessories,Pokhara Modern Mall,2200,,2200.0,20,True,STYLE PICK
544,Classic High-Waisted Athletic Shorts,classic-high-waisted-athletic-shorts-2,Accessories,Pokhara Modern Mall,1200,1080.0,1080.0,42,False,BEST DEAL
539,Classic Navy Blue Baseball Cap,classic-navy-blue-baseball-cap-3,Accessories,Pokhara Modern Mall,700,,700.0,32,False,STYLE PICK
543,Classic Olive Chino Shorts,classic-olive-chino-shorts-2,Accessories,Pokhara Modern Mall,1200,,1200.0,40,False,SHOP PICK
541,Classic Red Baseball Cap,classic-red-baseball-cap-2,Accessories,Pokhara Modern Mall,700,,700.0,36,False,STYLE PICK
538,Classic Red Jogger Sweatpants,classic-red-jogger-sweatpants-3,Accessories,Pokhara Modern Mall,1800,,1800.0,30,False,STYLE PICK
532,Classic Red Pullover Hoodie,classic-red-pullover-hoodie-3,Accessories,Pokhara Modern Mall,1300,1170.0,1170.0,18,True,STYLE DEAL
545,Classic White Crew Neck T-Shirt,classic-white-crew-neck-t-shirt-3,Accessories,Pokhara Modern Mall,1000,,1000.0,44,False,STYLE PICK
546,Classic White Tee - Timeless Style and Comfort,classic-white-tee-timeless-style-and-comfort-3,Accessories,Pokhara Modern Mall,1000,,1000.0,46,False,STYLE PICK
36,Corsair MM300 PRO Extended Mouse Pad,corsair-mm300-pro-extended-mouse-pad,Accessories,New Road Tech Suppliers,4500,,4500.0,50,False,Desk
551,Efficient 2-Slice Toaster,efficient-2-slice-toaster-3,Accessories,Pokhara Modern Mall,2500,,2500.0,56,False,SHOP PICK
234,Futuristic Holographic Soccer Cleats,futuristic-holographic-soccer-cleats,Accessories,Pokhara Modern Mall,2535,,2535.0,60,False,SHOP PICK
230,Futuristic Silver and Gold High-Top Sneaker,futuristic-silver-and-gold-high-top-sneaker,Accessories,Pokhara Modern Mall,4420,,4420.0,52,False,STYLE PICK
270,Graphic Tablet,graphic-tablet,Accessories,New Road Tech Suppliers,3085,2869.0,2869.0,43,True,Maker
39,Keychron Q1 Pro Mechanical Keyboard,keychron-q1-pro-mechanical-keyboard,Accessories,New Road Tech Suppliers,7000,,7000.0,50,False,Custom
274,Laptop Stand,laptop-stand,Accessories,New Road Tech Suppliers,1800,1674.0,1674.0,63,False,Maker
8,Logitech MX Mechanical,logitech-mx-mechanical,Accessories,New Road Tech Suppliers,5000,5000.0,5000.0,18,False,Keyboard
118,MBJ Women's Solid Short Sleeve Boat Neck V,mbj-womens-solid-short-sleeve-boat-neck-v,Accessories,Bharatpur General Store,1280,,1280.0,52,True,BEST SELLER
505,MBJ Women's Solid Short Sleeve Boat Neck V,mbj-womens-solid-short-sleeve-boat-neck-v-3,Accessories,Bharatpur General Store,1280,,1280.0,52,True,TOP RATED
186,MBJ Women's Solid Short Sleeve Boat Neck V - Bharatpur General Store,mbj-womens-solid-short-sleeve-boat-neck-v-2,Accessories,Bharatpur General Store,1280,,1280.0,52,True,TOP RATED
491,Mens Casual Slim Fit,mens-casual-slim-fit-3,Accessories,Bharatpur General Store,2079,,2079.0,24,False,SHOP PICK
104,Mens Casual Slim Fit - Bharatpur General Store,mens-casual-slim-fit,Accessories,Bharatpur General Store,2079,,2079.0,24,False,NEW ARRIVAL
172,Mens Casual Slim Fit - Bharatpur General Store Variant 3,mens-casual-slim-fit-2,Accessories,Bharatpur General Store,2079,,2079.0,24,False,SHOP PICK
506,Opna Women's Short Sleeve Moisture,opna-womens-short-sleeve-moisture-3,Accessories,Bharatpur General Store,1034,,1034.0,54,False,SHOP PICK
119,Opna Women's Short Sleeve Moisture - Bharatpur General Store,opna-womens-short-sleeve-moisture,Accessories,Bharatpur General Store,1034,,1034.0,54,False,POPULAR
187,Opna Women's Short Sleeve Moisture - Bharatpur General Store Variant 3,opna-womens-short-sleeve-moisture-2,Accessories,Bharatpur General Store,1034,,1034.0,54,False,SHOP PICK
98,Phone Case Pack,phone-case-pack,Accessories,New Road Tech Suppliers,899,699.0,699.0,100,False,Phone
273,Phone Case Pack 3,phone-case-pack-3,Accessories,New Road Tech Suppliers,1000,930.0,930.0,58,False,Maker
272,Portable SSD,portable-ssd,Accessories,New Road Tech Suppliers,3251,3023.0,3023.0,53,False,Maker
268,Raspberry Pi 5 Kit,raspberry-pi-5-kit,Accessories,New Road Tech Suppliers,2919,2714.0,2714.0,33,False,Maker
83,Raspberry Pi 5 Starter Kit,raspberry-pi-5-starter-kit,Accessories,New Road Tech Suppliers,3250,3250.0,3250.0,16,True,Maker
487,Raspberry Pi 5 Starter Kit,raspberry-pi-5-starter-kit-3,Accessories,New Road Tech Suppliers,3250,3250.0,3250.0,10,False,Maker
100,Raspberry Pi 5 Starter Kit - New Road Tech Suppliers,raspberry-pi-5-starter-kit-2,Accessories,New Road Tech Suppliers,3250,3250.0,3250.0,10,False,Maker
10,Samsung T7 Shield SSD 2TB,samsung-t7-shield-ssd-2tb,Accessories,New Road Tech Suppliers,4250,4250.0,4250.0,40,False,Storage
38,SanDisk 1TB Dual Drive USB-C,sandisk-1tb-dual-drive-usb-c,Accessories,New Road Tech Suppliers,4750,,4750.0,50,False,Storage
110,SanDisk SSD PLUS 1TB Internal SSD - SATA III 6 Gb/s,sandisk-ssd-plus-1tb-internal-ssd-sata-iii-6-gbs,Accessories,Bharatpur General Store,2750,,2750.0,36,False,TRENDING
497,SanDisk SSD PLUS 1TB Internal SSD - SATA III 6 Gb/s,sandisk-ssd-plus-1tb-internal-ssd-sata-iii-6-gbs-3,Accessories,Bharatpur General Store,2750,,2750.0,36,False,TECH PICK
178,SanDisk SSD PLUS 1TB Internal SSD - SATA III 6 Gb/s - Bharatpur General Store,sandisk-ssd-plus-1tb-internal-ssd-sata-iii-6-gbs-2,Accessories,Bharatpur General Store,2750,,2750.0,36,False,TECH PICK
111,Silicon Power 256GB SSD 3D NAND A55 SLC Cache Performance Boost SATA III 2.5,silicon-power-256gb-ssd-3d-nand-a55-slc-cache-performance-boost-sata-iii-25,Accessories,Bharatpur General Store,2750,,2750.0,38,True,POPULAR
498,Silicon Power 256GB SSD 3D NAND A55 SLC Cache Performance Boost SATA III 2.5,silicon-power-256gb-ssd-3d-nand-a55-slc-cache-performance-boost-sata-iii-25-3,Accessories,Bharatpur General Store,2750,,2750.0,38,True,TOP RATED
179,Silicon Power 256GB SSD 3D NAND A55 SLC Cache Performance Boost SATA III 2.5 - Bharatpur General Store,silicon-power-256gb-ssd-3d-nand-a55-slc-cache-performance-boost-sata-iii-25-2,Accessories,Bharatpur General Store,2750,,2750.0,38,True,TOP RATED
550,Sleek Comfort-Fit Over-Ear Headphones,sleek-comfort-fit-over-ear-headphones-3,Accessories,Pokhara Modern Mall,3640,,3640.0,54,False,SHOP PICK
553,Sleek Modern Laptop for Professionals,sleek-modern-laptop-for-professionals-3,Accessories,Pokhara Modern Mall,3152,,3152.0,62,False,TECH PICK
233,Sleek Modern Laptop with Ambient Lighting,sleek-modern-laptop-with-ambient-lighting,Accessories,Pokhara Modern Mall,2795,,2795.0,60,False,TECH PICK
168,Sleek Smartwatch with Vibrant Display,sleek-smartwatch-with-vibrant-display,Accessories,Pokhara Modern Mall,2080,,2080.0,64,False,TRENDING
548,Sleek White & Orange Wireless Gaming Controller,sleek-white-orange-wireless-gaming-controller-2,Accessories,Pokhara Modern Mall,4485,4485.0,4485.0,50,False,BEST DEAL
164,Sleek Wireless Computer Mouse,sleek-wireless-computer-mouse,Accessories,Pokhara Modern Mall,1300,,1300.0,56,False,NEW ARRIVAL
552,Sleek Wireless Computer Mouse,sleek-wireless-computer-mouse-3,Accessories,Pokhara Modern Mall,1300,1170.0,1170.0,58,False,TECH DEAL
231,Sleek Wireless Computer Mouse - Pokhara Modern Mall,sleek-wireless-computer-mouse-2,Accessories,Pokhara Modern Mall,1300,,1300.0,54,False,TECH PICK
549,Sleek Wireless Headphone & Inked Earbud Set,sleek-wireless-headphone-inked-earbud-set-2,Accessories,Pokhara Modern Mall,2860,,2860.0,52,False,SHOP PICK
106,Solid Gold Petite Micropave,solid-gold-petite-micropave,Accessories,Bharatpur General Store,5460,,5460.0,28,False,TRENDING
493,Solid Gold Petite Micropave,solid-gold-petite-micropave-3,Accessories,Bharatpur General Store,5460,,5460.0,28,False,SHOP PICK
174,Solid Gold Petite Micropave - Bharatpur General Store,solid-gold-petite-micropave-2,Accessories,Bharatpur General Store,5460,,5460.0,28,False,SHOP PICK
229,Stylish Red & Silver Over-Ear Headphones,stylish-red-silver-over-ear-headphones,Accessories,Pokhara Modern Mall,2535,,2535.0,64,False,SHOP PICK
271,USB-C Hub 1,usb-c-hub-1,Accessories,New Road Tech Suppliers,3168,2787.0,2787.0,48,False,Maker
109,WD 2TB Elements Portable External Hard Drive - USB 3.0,wd-2tb-elements-portable-external-hard-drive-usb-30,Accessories,Bharatpur General Store,4160,4160.0,4160.0,34,False,SPECIAL
496,WD 2TB Elements Portable External Hard Drive - USB 3.0,wd-2tb-elements-portable-external-hard-drive-usb-30-3,Accessories,Bharatpur General Store,4160,4160.0,4160.0,34,False,BEST DEAL
177,WD 2TB Elements Portable External Hard Drive - USB 3.0 - Bharatpur General Store,wd-2tb-elements-portable-external-hard-drive-usb-30-2,Accessories,Bharatpur General Store,4160,4160.0,4160.0,34,False,BEST DEAL
107,White Gold Plated Princess,white-gold-plated-princess,Accessories,Bharatpur General Store,1299,,1299.0,30,False,FEATURED
494,White Gold Plated Princess,white-gold-plated-princess-3,Accessories,Bharatpur General Store,1299,,1299.0,30,False,SHOP PICK
175,White Gold Plated Princess - Bharatpur General Store,white-gold-plated-princess-2,Accessories,Bharatpur General Store,1299,,1299.0,30,False,SHOP PICK
7,Xiaomi Pad 7 Pro,xiaomi-pad-7-pro,Accessories,New Road Tech Suppliers,8000,8000.0,8000.0,12,False,Tablet
12,Xiaomi Smart Band 9,xiaomi-smart-band-9,Accessories,New Road Tech Suppliers,3999,3499.0,3499.0,100,False,Wearable
360,Air Fryer,air-fryer,Appliances,Baneshwor Home Mart,3750,3750.0,3750.0,33,False,Appliance
25,CG 190L Single Door Refrigerator,cg-190l-single-door-refrigerator,Appliances,Baneshwor Home Mart,8000,8000.0,8000.0,11,True,Appliance
166,Efficient 2-Slice Toaster,efficient-2-slice-toaster,Appliances,Pokhara Modern Mall,2500,,2500.0,60,False,NEW ARRIVAL
222,Efficient 2-Slice Toaster - Pokhara Modern Mall,efficient-2-slice-toaster-2,Appliances,Pokhara Modern Mall,2500,,2500.0,36,False,HOME PICK
359,Electric Kettle 2,electric-kettle-2,Appliances,Baneshwor Home Mart,3200,2976.0,2976.0,28,False,Appliance
363,Hand Blender 3,hand-blender-3,Appliances,Baneshwor Home Mart,4500,4185.0,4185.0,48,False,Appliance
358,Mixer Grinder,mixer-grinder,Appliances,Baneshwor Home Mart,2750,2750.0,2750.0,23,False,Appliance
365,Rice Cooker Mini 2,rice-cooker-mini-2,Appliances,Baneshwor Home Mart,2750,2750.0,2750.0,58,False,Appliance
362,Toaster Oven,toaster-oven,Appliances,Baneshwor Home Mart,3250,3250.0,3250.0,43,True,Appliance
364,Vacuum Cleaner,vacuum-cleaner,Appliances,Baneshwor Home Mart,3250,3250.0,3250.0,53,False,Appliance
361,Water Filter 1,water-filter-1,Appliances,Baneshwor Home Mart,3750,3750.0,3750.0,38,False,Appliance
26,Xiaomi Smart Air Purifier 4,xiaomi-smart-air-purifier-4,Appliances,Baneshwor Home Mart,4000,4000.0,4000.0,15,False,Clean Air
4,AirPods Pro 3,airpods-pro-3,Audio,New Road Tech Suppliers,34999,31999.0,31999.0,50,True,ANC
350,Bluetooth Speaker,bluetooth-speaker,Audio,New Road Tech Suppliers,4800,4464.0,4464.0,53,False,Audio
357,Car Audio Adapter 3,car-audio-adapter-3,Audio,New Road Tech Suppliers,1800,1584.0,1584.0,18,False,Audio
352,Earbuds Pro,earbuds-pro,Audio,New Road Tech Suppliers,4000,3720.0,3720.0,63,False,Audio
354,Podcast Mic,podcast-mic,Audio,New Road Tech Suppliers,6500,6045.0,6045.0,73,False,Audio
356,Portable Audio DAC,portable-audio-dac,Audio,New Road Tech Suppliers,5500,5115.0,5115.0,13,False,Audio
165,Sleek Comfort-Fit Over-Ear Headphones,sleek-comfort-fit-over-ear-headphones,Audio,New Road Tech Suppliers,3640,3276.0,3276.0,58,False,SPECIAL
226,Sleek Comfort-Fit Over-Ear Headphones - Pokhara Modern Mall,sleek-comfort-fit-over-ear-headphones-2,Audio,New Road Tech Suppliers,3640,,3640.0,44,False,AUDIO PICK
163,Sleek Wireless Headphone & Inked Earbud Set,sleek-wireless-headphone-inked-earbud-set,Audio,New Road Tech Suppliers,5000,,5000.0,54,False,NEW ARRIVAL
6,Sony WH-1000XM6,sony-wh-1000xm6,Audio,New Road Tech Suppliers,44999,39999.0,39999.0,25,True,Premium
353,Soundbar Mini 2,soundbar-mini-2,Audio,New Road Tech Suppliers,5500,4840.0,4840.0,68,False,Audio
355,Studio Headphones 1,studio-headphones-1,Audio,New Road Tech Suppliers,7500,6975.0,6975.0,8,True,Audio
351,Wireless Headphones 3,wireless-headphones-3,Audio,New Road Tech Suppliers,5000,4650.0,4650.0,58,False,Audio
88,Bike Helmet Pro,bike-helmet-pro,Automotive & Bikes,Teku Auto & Bike Store,3200,2720.0,2720.0,22,True,Ride
301,Bike Lock,bike-lock,Automotive & Bikes,Teku Auto & Bike Store,2200,2046.0,2046.0,73,False,Ride
89,Bike Phone Holder,bike-phone-holder,Automotive & Bikes,Teku Auto & Bike Store,1000,769.0,769.0,30,False,Ride
299,Bike Phone Holder 1,bike-phone-holder-1,Automotive & Bikes,Teku Auto & Bike Store,1000,930.0,930.0,58,False,Ride
302,Car Vacuum 2,car-vacuum-2,Automotive & Bikes,Teku Auto & Bike Store,3000,2790.0,2790.0,8,True,Ride
303,Dash Cam,dash-cam,Automotive & Bikes,Teku Auto & Bike Store,4500,4184.0,4184.0,13,False,Ride
90,LED Bike Light Set,led-bike-light-set,Automotive & Bikes,Teku Auto & Bike Store,900,731.0,731.0,34,False,Safety
304,Riding Gloves 1,riding-gloves-1,Automotive & Bikes,Teku Auto & Bike Store,1800,1584.0,1584.0,18,False,Ride
300,Tyre Inflator 3,tyre-inflator-3,Automotive & Bikes,Teku Auto & Bike Store,2800,2464.0,2464.0,68,False,Ride
126,Calvin Klein CK One,calvin-klein-ck-one,Beauty,Everest Lifestyle Mart,4500,4415.0,4415.0,29,False,SALE
513,Calvin Klein CK One,calvin-klein-ck-one-3,Beauty,Everest Lifestyle Mart,4500,4415.0,4415.0,29,False,BEAUTY DEAL
194,Calvin Klein CK One - Everest Lifestyle Mart,calvin-klein-ck-one-2,Beauty,Everest Lifestyle Mart,4500,4415.0,4415.0,29,False,BEAUTY DEAL
127,Chanel Coco Noir Eau De,chanel-coco-noir-eau-de,Beauty,Everest Lifestyle Mart,4250,4250.0,4250.0,58,False,SPECIAL
514,Chanel Coco Noir Eau De,chanel-coco-noir-eau-de-3,Beauty,Everest Lifestyle Mart,4250,4250.0,4250.0,58,False,BEAUTY DEAL
195,Chanel Coco Noir Eau De - Everest Lifestyle Mart,chanel-coco-noir-eau-de-2,Beauty,Everest Lifestyle Mart,4250,4250.0,4250.0,58,False,BEAUTY DEAL
128,Dior J'adore,dior-jadore,Beauty,Everest Lifestyle Mart,3750,3750.0,3750.0,98,False,SALE
515,Dior J'adore,dior-jadore-3,Beauty,Everest Lifestyle Mart,3750,3750.0,3750.0,98,False,BEAUTY DEAL
196,Dior J'adore - Everest Lifestyle Mart,dior-jadore-2,Beauty,Everest Lifestyle Mart,3750,3750.0,3750.0,98,False,BEAUTY DEAL
129,Dolce Shine Eau de,dolce-shine-eau-de,Beauty,Everest Lifestyle Mart,2750,2750.0,2750.0,4,False,HOT DEAL
516,Dolce Shine Eau de,dolce-shine-eau-de-3,Beauty,Everest Lifestyle Mart,2750,2750.0,2750.0,4,False,BEAUTY DEAL
197,Dolce Shine Eau de - Everest Lifestyle Mart,dolce-shine-eau-de-2,Beauty,Everest Lifestyle Mart,2750,2750.0,2750.0,4,False,BEAUTY DEAL
121,Essence Mascara Lash Princess,essence-mascara-lash-princess,Beauty,Everest Lifestyle Mart,1299,1163.0,1163.0,99,True,HOT DEAL
508,Essence Mascara Lash Princess,essence-mascara-lash-princess-3,Beauty,Everest Lifestyle Mart,1299,1163.0,1163.0,99,True,BEAUTY DEAL
189,Essence Mascara Lash Princess - Everest Lifestyle Mart,essence-mascara-lash-princess-2,Beauty,Everest Lifestyle Mart,1299,1163.0,1163.0,99,True,BEAUTY DEAL
122,Eyeshadow Palette with Mirror,eyeshadow-palette-with-mirror,Beauty,Everest Lifestyle Mart,2599,2126.0,2126.0,34,True,HOT DEAL
509,Eyeshadow Palette with Mirror,eyeshadow-palette-with-mirror-3,Beauty,Everest Lifestyle Mart,2599,2126.0,2126.0,34,True,BEAUTY DEAL
190,Eyeshadow Palette with Mirror - Everest Lifestyle Mart,eyeshadow-palette-with-mirror-2,Beauty,Everest Lifestyle Mart,2599,2126.0,2126.0,34,True,BEAUTY DEAL
130,Gucci Bloom Eau de,gucci-bloom-eau-de,Beauty,Everest Lifestyle Mart,3250,3250.0,3250.0,91,False,SPECIAL
517,Gucci Bloom Eau de,gucci-bloom-eau-de-3,Beauty,Everest Lifestyle Mart,3250,3250.0,3250.0,91,False,BEAUTY DEAL
198,Gucci Bloom Eau de - Everest Lifestyle Mart,gucci-bloom-eau-de-2,Beauty,Everest Lifestyle Mart,3250,3250.0,3250.0,91,False,BEAUTY DEAL
21,Philips Beard Trimmer,philips-beard-trimmer,Beauty,Baneshwor Home Mart,3500,2800.0,2800.0,36,False,Grooming
123,Powder Canister,powder-canister,Beauty,Everest Lifestyle Mart,1949,1757.0,1757.0,89,True,HOT DEAL
510,Powder Canister,powder-canister-3,Beauty,Everest Lifestyle Mart,1949,1757.0,1757.0,89,True,BEAUTY DEAL
191,Powder Canister - Everest Lifestyle Mart,powder-canister-2,Beauty,Everest Lifestyle Mart,1949,1757.0,1757.0,89,True,BEAUTY DEAL
124,Red Lipstick,red-lipstick,Beauty,Everest Lifestyle Mart,1689,1484.0,1484.0,91,False,HOT DEAL
511,Red Lipstick,red-lipstick-3,Beauty,Everest Lifestyle Mart,1689,1484.0,1484.0,91,False,BEAUTY DEAL
192,Red Lipstick - Everest Lifestyle Mart,red-lipstick-2,Beauty,Everest Lifestyle Mart,1689,1484.0,1484.0,91,False,BEAUTY DEAL
125,Red Nail Polish,red-nail-polish,Beauty,Everest Lifestyle Mart,1169,1035.0,1035.0,79,False,HOT DEAL
512,Red Nail Polish,red-nail-polish-3,Beauty,Everest Lifestyle Mart,1169,1035.0,1035.0,79,False,BEAUTY DEAL
193,Red Nail Polish - Everest Lifestyle Mart,red-nail-polish-2,Beauty,Everest Lifestyle Mart,1169,1035.0,1035.0,79,False,BEAUTY DEAL
20,The Ordinary Niacinamide 10%,the-ordinary-niacinamide-10,Beauty,Baneshwor Home Mart,2499,2199.0,2199.0,42,True,Beauty
238,+2 Physics Book 3,2-physics-book-3,Books,Boudha Books & Stationery,194,180.0,180.0,18,True,Book
366,Anime Art Book 2,anime-art-book-2,Books,Boudha Books & Stationery,1689,1570.0,1570.0,63,True,Book
29,Atomic Habits,atomic-habits,Books,Boudha Books & Stationery,1199,999.0,999.0,48,True,Book
483,Atomic Habits,atomic-habits-3,Books,Boudha Books & Stationery,1199,999.0,999.0,32,False,Book
71,Atomic Habits - Boudha Books & Stationery,atomic-habits-2,Books,Boudha Books & Stationery,1199,999.0,999.0,32,False,Book
30,Classmate Notebook Pack,classmate-notebook-pack,Books,Boudha Books & Stationery,599,499.0,499.0,90,False,School
484,Classmate Notebook Pack,classmate-notebook-pack-3,Books,Boudha Books & Stationery,599,499.0,499.0,90,False,School
72,Classmate Notebook Pack - Boudha Books & Stationery,classmate-notebook-pack-2,Books,Boudha Books & Stationery,599,499.0,499.0,90,False,School
429,Diversified Pro Books SEE Prep Guide 137,diversified-pro-books-see-prep-guide-137,Books,Boudha Books & Stationery,1689,1570.0,1570.0,63,True,Book
242,English Grammar Workbook 1,english-grammar-workbook-1,Books,Boudha Books & Stationery,342,318.0,318.0,38,True,Book
239,Entrance Exam Mastery,entrance-exam-mastery,Books,Boudha Books & Stationery,231,214.0,214.0,23,True,Book
241,GK Nepal Book,gk-nepal-book,Books,Boudha Books & Stationery,305,283.0,283.0,33,True,Book
369,History Atlas 1,history-atlas-1,Books,Boudha Books & Stationery,1800,1584.0,1584.0,8,True,Book
368,JavaScript Quick Ref 4,javascript-quick-ref-4,Books,Boudha Books & Stationery,1763,1639.0,1639.0,73,True,Book
244,Kids Story Book 3,kids-story-book-3,Books,Boudha Books & Stationery,416,366.0,366.0,48,True,Book
367,Nepali Grammar Guide 3,nepali-grammar-guide-3,Books,Boudha Books & Stationery,1726,1605.0,1605.0,68,True,Book
243,Novel Collection,novel-collection,Books,Boudha Books & Stationery,379,352.0,352.0,43,True,Book
74,Programming Books Bundle,programming-books-bundle,Books,Boudha Books & Stationery,1999,1799.0,1799.0,18,True,Code
240,Python Programming Book 2,python-programming-book-2,Books,Boudha Books & Stationery,268,235.0,235.0,28,True,Book
485,SEE Entrance Prep Books Pack,see-entrance-prep-books-pack,Books,Boudha Books & Stationery,1599,1399.0,1399.0,25,True,Exam
237,SEE Prep Guide,see-prep-guide,Books,Boudha Books & Stationery,157,146.0,146.0,13,True,Book
73,Self Help Books Collection,self-help-books-collection,Books,Boudha Books & Stationery,1599,1399.0,1399.0,25,True,Exam
315,Action Camera 1,action-camera-1,Cameras,New Road Tech Suppliers,16507,14526.0,14526.0,8,True,Camera
97,CCTV Bullet Camera,cctv-bullet-camera,Cameras,New Road Tech Suppliers,6499,5799.0,5799.0,14,False,Security
316,Camera Bag 3,camera-bag-3,Cameras,New Road Tech Suppliers,4000,3720.0,3720.0,18,True,Camera
312,Canon EOS R50,canon-eos-r50,Cameras,New Road Tech Suppliers,16096,14969.0,14969.0,63,True,Camera
96,Canon EOS R50 Camera,canon-eos-r50-camera,Cameras,New Road Tech Suppliers,89999,85999.0,85999.0,9,True,Camera
317,Lens Cleaning Kit,lens-cleaning-kit,Cameras,New Road Tech Suppliers,2000,1860.0,1860.0,23,True,Camera
313,Nikon Z50 2,nikon-z50-2,Cameras,New Road Tech Suppliers,16233,15096.0,15096.0,68,True,Camera
318,Ring Light Camera Kit 2,ring-light-camera-kit-2,Cameras,New Road Tech Suppliers,9000,7920.0,7920.0,28,True,Camera
314,Tripod Stand,tripod-stand,Cameras,New Road Tech Suppliers,6000,5580.0,5580.0,73,True,Camera
60,BIYLACLESEN Women's 3-in-1 Snowboard Jacket Winter Coats,clothing-15,Clothing & Apparel,Fashion Hub,3000,,3000.0,50,False,
65,DANVOUY Womens T Shirt Casual Cotton Short,clothing-20,Clothing & Apparel,Fashion Hub,1100,,1100.0,50,False,
56,"Fjallraven - Foldsack No. 1 Backpack, Fits 15 Laptops",clothing-1,Clothing & Apparel,Fashion Hub,3000,,3000.0,50,False,
61,Lock and Love Women's Removable Hooded Faux Leather Moto Biker Jacket,clothing-16,Clothing & Apparel,Fashion Hub,3000,,3000.0,50,False,
63,MBJ Women's Solid Short Sleeve Boat Neck V ,clothing-18,Clothing & Apparel,Fashion Hub,1100,,1100.0,50,False,
57,Mens Casual Premium Slim Fit T-Shirts ,clothing-2,Clothing & Apparel,Fashion Hub,1100,,1100.0,50,False,
59,Mens Casual Slim Fit,clothing-4,Clothing & Apparel,Fashion Hub,1100,,1100.0,50,False,
58,Mens Cotton Jacket,clothing-3,Clothing & Apparel,Fashion Hub,3000,,3000.0,50,False,
64,Opna Women's Short Sleeve Moisture,clothing-19,Clothing & Apparel,Fashion Hub,1034,,1034.0,50,False,
62,Rain Jacket Women Windbreaker Striped Climbing Raincoats,clothing-17,Clothing & Apparel,Fashion Hub,3000,,3000.0,50,False,
94,Bamboo Lunch Box,bamboo-lunch-box,Eco & Sustainable,Patan Eco & Pet Mart,700,612.0,612.0,24,False,Eco
306,Bamboo Lunch Box 3,bamboo-lunch-box-3,Eco & Sustainable,Patan Eco & Pet Mart,700,651.0,651.0,28,False,Eco
308,Bamboo Toothbrush,bamboo-toothbrush,Eco & Sustainable,Patan Eco & Pet Mart,120,112.0,112.0,43,True,Eco
310,Compost Bin,compost-bin,Eco & Sustainable,Patan Eco & Pet Mart,1800,1674.0,1674.0,53,False,Eco
307,Jute Tote Bag 2,jute-tote-bag-2,Eco & Sustainable,Patan Eco & Pet Mart,350,308.0,308.0,38,False,Eco
311,Reusable Grocery Bag 3,reusable-grocery-bag-3,Eco & Sustainable,Patan Eco & Pet Mart,350,308.0,308.0,58,False,Eco
305,Reusable Water Bottle,reusable-water-bottle,Eco & Sustainable,Patan Eco & Pet Mart,550,511.0,511.0,23,False,Eco
93,Reusable Water Bottle 1L,reusable-water-bottle-1l,Eco & Sustainable,Patan Eco & Pet Mart,550,463.0,463.0,40,True,Eco
95,Solar Power Bank,solar-power-bank,Eco & Sustainable,Patan Eco & Pet Mart,2200,1936.0,1936.0,18,False,Solar
309,Steel Straw Set 1,steel-straw-set-1,Eco & Sustainable,Patan Eco & Pet Mart,300,279.0,279.0,48,False,Eco
502,BIYLACLESEN Women's 3-in-1 Snowboard Jacket Winter Coats,biylaclesen-womens-3-in-1-snowboard-jacket-winter-coats-3,Fashion,Bharatpur General Store,3000,,3000.0,46,False,STYLE PICK
115,BIYLACLESEN Women's 3-in-1 Snowboard Jacket Winter Coats - Bharatpur General Store,biylaclesen-womens-3-in-1-snowboard-jacket-winter-coats,Fashion,Bharatpur General Store,3000,,3000.0,46,False,TRENDING
183,BIYLACLESEN Women's 3-in-1 Snowboard Jacket Winter Coats - Bharatpur General Store Variant 3,biylaclesen-womens-3-in-1-snowboard-jacket-winter-coats-2,Fashion,Bharatpur General Store,3000,,3000.0,46,False,STYLE PICK
282,Cap and Beanie Set,cap-and-beanie-set,Fashion,Thamel Style House,700,651.0,651.0,33,True,Clothes
281,Cargo Pants 2,cargo-pants-2,Fashion,Thamel Style House,1800,1674.0,1674.0,28,True,Clothes
156,Classic Black Baseball Cap,classic-black-baseball-cap,Fashion,Pokhara Modern Mall,700,,700.0,40,False,FEATURED
148,Classic Black Hooded Sweatshirt,classic-black-hooded-sweatshirt,Fashion,Pokhara Modern Mall,2200,,2200.0,24,False,NEW ARRIVAL
218,Classic Black Hooded Sweatshirt - Pokhara Modern Mall,classic-black-hooded-sweatshirt-2,Fashion,Pokhara Modern Mall,2200,,2200.0,28,False,STYLE PICK
161,Classic Black T-Shirt,classic-black-t-shirt,Fashion,Pokhara Modern Mall,1000,900.0,900.0,50,False,SALE
228,Classic Black T-Shirt - Pokhara Modern Mall,classic-black-t-shirt-2,Fashion,Pokhara Modern Mall,1000,,1000.0,48,False,STYLE PICK
155,Classic Blue Baseball Cap,classic-blue-baseball-cap,Fashion,Pokhara Modern Mall,700,,700.0,38,False,TRENDING
151,Classic Comfort Drawstring Joggers,classic-comfort-drawstring-joggers,Fashion,Pokhara Modern Mall,1800,,1800.0,30,False,NEW ARRIVAL
217,Classic Comfort Drawstring Joggers - Pokhara Modern Mall,classic-comfort-drawstring-joggers-2,Fashion,Pokhara Modern Mall,1800,1620.0,1620.0,26,False,STYLE DEAL
149,Classic Comfort Fit Joggers,classic-comfort-fit-joggers,Fashion,Pokhara Modern Mall,1800,1620.0,1620.0,26,False,HOT DEAL
214,Classic Comfort Fit Joggers - Pokhara Modern Mall,classic-comfort-fit-joggers-2,Fashion,Pokhara Modern Mall,1800,,1800.0,20,True,STYLE PICK
150,Classic Grey Hooded Sweatshirt,classic-grey-hooded-sweatshirt,Fashion,Pokhara Modern Mall,2200,,2200.0,28,False,TRENDING
223,Classic Grey Hooded Sweatshirt - Pokhara Modern Mall,classic-grey-hooded-sweatshirt-2,Fashion,Pokhara Modern Mall,2200,,2200.0,38,False,STYLE PICK
147,Classic Heather Gray Hoodie,classic-heather-gray-hoodie,Fashion,Pokhara Modern Mall,2200,,2200.0,22,False,NEW ARRIVAL
215,Classic Heather Gray Hoodie - Pokhara Modern Mall,classic-heather-gray-hoodie-2,Fashion,Pokhara Modern Mall,2200,,2200.0,22,False,STYLE PICK
158,Classic High-Waisted Athletic Shorts,classic-high-waisted-athletic-shorts,Fashion,Pokhara Modern Mall,1200,,1200.0,44,False,NEW ARRIVAL
153,Classic Navy Blue Baseball Cap,classic-navy-blue-baseball-cap,Fashion,Pokhara Modern Mall,700,630.0,630.0,34,False,HOT DEAL
221,Classic Navy Blue Baseball Cap - Pokhara Modern Mall,classic-navy-blue-baseball-cap-2,Fashion,Pokhara Modern Mall,700,630.0,630.0,34,False,STYLE DEAL
157,Classic Olive Chino Shorts,classic-olive-chino-shorts,Fashion,Pokhara Modern Mall,1200,1080.0,1080.0,42,False,HOT DEAL
154,Classic Red Baseball Cap,classic-red-baseball-cap,Fashion,Pokhara Modern Mall,700,,700.0,36,False,NEW ARRIVAL
152,Classic Red Jogger Sweatpants,classic-red-jogger-sweatpants,Fashion,Pokhara Modern Mall,1800,,1800.0,32,False,TRENDING
216,Classic Red Jogger Sweatpants - Pokhara Modern Mall,classic-red-jogger-sweatpants-2,Fashion,Pokhara Modern Mall,1800,,1800.0,24,False,STYLE PICK
146,Classic Red Pullover Hoodie,classic-red-pullover-hoodie,Fashion,Pokhara Modern Mall,1300,,1300.0,20,True,TRENDING
213,Classic Red Pullover Hoodie - Pokhara Modern Mall,classic-red-pullover-hoodie-2,Fashion,Pokhara Modern Mall,1300,1170.0,1170.0,18,True,STYLE DEAL
159,Classic White Crew Neck T-Shirt,classic-white-crew-neck-t-shirt,Fashion,Pokhara Modern Mall,1000,,1000.0,46,False,FEATURED
225,Classic White Crew Neck T-Shirt - Pokhara Modern Mall,classic-white-crew-neck-t-shirt-2,Fashion,Pokhara Modern Mall,1000,900.0,900.0,42,False,STYLE DEAL
160,Classic White Tee - Timeless Style and Comfort,classic-white-tee-timeless-style-and-comfort,Fashion,Pokhara Modern Mall,1000,,1000.0,48,False,TRENDING
220,Classic White Tee - Timeless Style and Comfort - Pokhara Modern Mall,classic-white-tee-timeless-style-and-comfort-2,Fashion,Pokhara Modern Mall,1000,,1000.0,32,False,STYLE PICK
507,DANVOUY Womens T Shirt Casual Cotton Short,danvouy-womens-t-shirt-casual-cotton-short-3,Fashion,Bharatpur General Store,1689,,1689.0,56,False,STYLE PICK
120,DANVOUY Womens T Shirt Casual Cotton Short - Bharatpur General Store,danvouy-womens-t-shirt-casual-cotton-short,Fashion,Bharatpur General Store,1689,,1689.0,56,False,NEW ARRIVAL
188,DANVOUY Womens T Shirt Casual Cotton Short - Bharatpur General Store Variant 3,danvouy-womens-t-shirt-casual-cotton-short-2,Fashion,Bharatpur General Store,1689,,1689.0,56,False,STYLE PICK
278,Denim Jacket,denim-jacket,Fashion,Thamel Style House,3000,2790.0,2790.0,13,True,Clothes
276,GitHub Fork T-Shirt,github-fork-t-shirt,Fashion,Thamel Style House,500,420.0,420.0,73,True,Clothes
17,Goldstar Classic Sneakers,goldstar-classic-sneakers,Fashion,Thamel Style House,2199,1899.0,1899.0,65,True,Local
280,Graphic Tee,graphic-tee,Fashion,Thamel Style House,1200,1116.0,1116.0,23,True,Clothes
105,John Hardy Women's Legends Naga Gold & Silver Dragon Station Chain Bracelet,john-hardy-womens-legends-naga-gold-silver-dragon-station-chain-bracelet,Fashion,Bharatpur General Store,8000,8000.0,8000.0,26,True,HOT DEAL
492,John Hardy Women's Legends Naga Gold & Silver Dragon Station Chain Bracelet,john-hardy-womens-legends-naga-gold-silver-dragon-station-chain-bracelet-3,Fashion,Bharatpur General Store,8000,8000.0,8000.0,26,True,BEST DEAL
173,John Hardy Women's Legends Naga Gold & Silver Dragon Station Chain Bracelet - Bharatpur General Store,john-hardy-womens-legends-naga-gold-silver-dragon-station-chain-bracelet-2,Fashion,Bharatpur General Store,8000,8000.0,8000.0,26,True,BEST DEAL
503,Lock and Love Women's Removable Hooded Faux Leather Moto Biker Jacket,lock-and-love-womens-removable-hooded-faux-leather-moto-biker-jacket-3,Fashion,Bharatpur General Store,3000,,3000.0,48,False,STYLE PICK
116,Lock and Love Women's Removable Hooded Faux Leather Moto Biker Jacket - Bharatpur General Store,lock-and-love-womens-removable-hooded-faux-leather-moto-biker-jacket,Fashion,Bharatpur General Store,3000,,3000.0,48,False,TRENDING
184,Lock and Love Women's Removable Hooded Faux Leather Moto Biker Jacket - Bharatpur General Store Variant 3,lock-and-love-womens-removable-hooded-faux-leather-moto-biker-jacket-2,Fashion,Bharatpur General Store,3000,,3000.0,48,False,STYLE PICK
145,Majestic Mountain Graphic T-Shirt,majestic-mountain-graphic-t-shirt,Fashion,Pokhara Modern Mall,1200,1080.0,1080.0,18,True,SALE
102,Mens Casual Premium Slim Fit T-Shirts,mens-casual-premium-slim-fit-t-shirts,Fashion,Bharatpur General Store,1200,,1200.0,20,True,NEW ARRIVAL
489,Mens Casual Premium Slim Fit T-Shirts,mens-casual-premium-slim-fit-t-shirts-3,Fashion,Bharatpur General Store,1200,,1200.0,20,True,STYLE PICK
170,Mens Casual Premium Slim Fit T-Shirts - Bharatpur General Store,mens-casual-premium-slim-fit-t-shirts-2,Fashion,Bharatpur General Store,1200,,1200.0,20,True,STYLE PICK
490,Mens Cotton Jacket,mens-cotton-jacket-3,Fashion,Bharatpur General Store,3000,,3000.0,22,True,TOP RATED
103,Mens Cotton Jacket - Bharatpur General Store,mens-cotton-jacket,Fashion,Bharatpur General Store,3000,,3000.0,22,True,TOP RATED
171,Mens Cotton Jacket - Bharatpur General Store Variant 3,mens-cotton-jacket-2,Fashion,Bharatpur General Store,3000,,3000.0,22,True,TOP RATED
15,Nike Court Vision Low,nike-court-vision-low,Fashion,Thamel Style House,4000,4000.0,4000.0,34,True,New
277,Oversized Hoodie 1,oversized-hoodie-1,Fashion,Thamel Style House,2200,2046.0,2046.0,8,True,Clothes
108,Pierced Owl Rose Gold Plated Stainless Steel Double,pierced-owl-rose-gold-plated-stainless-steel-double,Fashion,Bharatpur General Store,1429,,1429.0,32,False,TRENDING
495,Pierced Owl Rose Gold Plated Stainless Steel Double,pierced-owl-rose-gold-plated-stainless-steel-double-3,Fashion,Bharatpur General Store,1429,,1429.0,32,False,STYLE PICK
176,Pierced Owl Rose Gold Plated Stainless Steel Double - Bharatpur General Store,pierced-owl-rose-gold-plated-stainless-steel-double-2,Fashion,Bharatpur General Store,1429,,1429.0,32,False,STYLE PICK
16,Puma Everyday Hoodie,puma-everyday-hoodie,Fashion,Thamel Style House,2200,1650.0,1650.0,40,False,Sale
504,Rain Jacket Women Windbreaker Striped Climbing Raincoats,rain-jacket-women-windbreaker-striped-climbing-raincoats-3,Fashion,Bharatpur General Store,3000,3000.0,3000.0,50,False,STYLE DEAL
117,Rain Jacket Women Windbreaker Striped Climbing Raincoats - Bharatpur General Store,rain-jacket-women-windbreaker-striped-climbing-raincoats,Fashion,Bharatpur General Store,3000,3000.0,3000.0,50,False,SALE
185,Rain Jacket Women Windbreaker Striped Climbing Raincoats - Bharatpur General Store Variant 3,rain-jacket-women-windbreaker-striped-climbing-raincoats-2,Fashion,Bharatpur General Store,3000,3000.0,3000.0,50,False,STYLE DEAL
279,Sneaker Pack 3,sneaker-pack-3,Fashion,Thamel Style House,3000,2640.0,2640.0,18,True,Clothes
283,Streetwear Shirt 1,streetwear-shirt-1,Fashion,Thamel Style House,1200,1056.0,1056.0,38,True,Clothes
51,Chicken Biryani,special-chicken-biryani,Food & Beverages,Zomato Bites,350,,350.0,20,False,
55,Cold Coffee with Ice Cream,cold-coffee-icecream,Food & Beverages,Zomato Bites,220,,220.0,30,False,
52,Margherita Pizza (12 Inch),classic-margherita-pizza,Food & Beverages,Zomato Bites,550,,550.0,15,False,
54,Spicy Chicken Wings (6 pcs),hot-spicy-wings,Food & Beverages,Zomato Bites,380,,380.0,25,False,
53,Veg Momo (10 pcs),steamed-veg-momo,Food & Beverages,Zomato Bites,150,,150.0,50,False,
264,Arcade Stick,arcade-stick,Gaming,New Road Console Garage,8972,8343.0,8343.0,13,True,Gaming
87,Ergonomic Gaming Chair,ergonomic-gaming-chair,Gaming,New Road Console Garage,16000,14000.0,14000.0,12,False,Setup
266,Game Storage Rack,game-storage-rack,Gaming,New Road Console Garage,4000,3720.0,3720.0,23,True,Gaming
262,Gaming Chair Pro,gaming-chair-pro,Gaming,New Road Console Garage,8698,8089.0,8089.0,73,True,Gaming
9,HP Pavilion Gaming Desktop,hp-pavilion-gaming-desktop,Gaming,New Road Console Garage,125999,109999.0,109999.0,5,True,Desktop
480,HP Pavilion Gaming Desktop,hp-pavilion-gaming-desktop-3,Gaming,New Road Console Garage,125999,109999.0,109999.0,5,True,Desktop
68,HP Pavilion Gaming Desktop - New Road Console Garage,hp-pavilion-gaming-desktop-2,Gaming,New Road Console Garage,125999,109999.0,109999.0,5,True,Desktop
24,Logitech G435 Wireless Headset,logitech-g435-wireless-headset,Gaming,New Road Console Garage,10999,9299.0,9299.0,24,False,Audio
479,Logitech G435 Wireless Headset,logitech-g435-wireless-headset-3,Gaming,New Road Console Garage,10999,9299.0,9299.0,24,False,Audio
67,Logitech G435 Wireless Headset - New Road Console Garage,logitech-g435-wireless-headset-2,Gaming,New Road Console Garage,10999,9299.0,9299.0,24,False,Audio
267,Mechanical Keyboard 3,mechanical-keyboard-3,Gaming,New Road Console Garage,9383,8257.0,8257.0,28,True,Gaming
260,PSX Retro Console,psx-retro-console,Gaming,New Road Console Garage,8424,7834.0,7834.0,63,True,Gaming
85,PlayStation 5 Digital Edition,playstation-5-digital-edition,Gaming,New Road Console Garage,89999,83999.0,83999.0,6,True,Console
263,RGB Mouse Pad 2,rgb-mouse-pad-2,Gaming,New Road Console Garage,5000,4400.0,4400.0,8,True,Gaming
5,Razer DeathAdder V3,razer-deathadder-v3,Gaming,New Road Console Garage,8999,7499.0,7499.0,28,True,Esports
478,Razer DeathAdder V3,razer-deathadder-v3-3,Gaming,New Road Console Garage,8999,7499.0,7499.0,28,True,Esports
66,Razer DeathAdder V3 - New Road Console Garage,razer-deathadder-v3-2,Gaming,New Road Console Garage,8999,7499.0,7499.0,28,True,Esports
114,Samsung 49-Inch CHG90 144Hz Curved Gaming Monitor (LC49HG90DMNXZA) – Super Ultrawide Screen QLED,samsung-49-inch-chg90-144hz-curved-gaming-monitor-lc49hg90dmnxza-super-ultrawide-screen-qled,Gaming,Bharatpur General Store,129999,,129999.0,44,False,TRENDING
501,Samsung 49-Inch CHG90 144Hz Curved Gaming Monitor (LC49HG90DMNXZA) – Super Ultrawide Screen QLED,samsung-49-inch-chg90-144hz-curved-gaming-monitor-lc49hg90dmnxza-super-ultrawide-screen-qled-3,Gaming,Bharatpur General Store,129999,,129999.0,44,False,TECH PICK
182,Samsung 49-Inch CHG90 144Hz Curved Gaming Monitor (LC49HG90DMNXZA) – Super Ultrawide Screen QLED - Bharatpur General Store,samsung-49-inch-chg90-144hz-curved-gaming-monitor-lc49hg90dmnxza-super-ultrawide-screen-qled-2,Gaming,Bharatpur General Store,129999,,129999.0,44,False,TECH PICK
162,Sleek White & Orange Wireless Gaming Controller,sleek-white-orange-wireless-gaming-controller,Gaming,New Road Console Garage,8970,,8970.0,52,False,TRENDING
265,VR Headset 1,vr-headset-1,Gaming,New Road Console Garage,9109,8471.0,8471.0,18,True,Gaming
112,WD 4TB Gaming Drive Works with Playstation 4 Portable External Hard Drive,wd-4tb-gaming-drive-works-with-playstation-4-portable-external-hard-drive,Gaming,Bharatpur General Store,14820,,14820.0,40,True,TOP RATED
499,WD 4TB Gaming Drive Works with Playstation 4 Portable External Hard Drive,wd-4tb-gaming-drive-works-with-playstation-4-portable-external-hard-drive-3,Gaming,Bharatpur General Store,14820,,14820.0,40,True,TOP RATED
180,WD 4TB Gaming Drive Works with Playstation 4 Portable External Hard Drive - Bharatpur General Store,wd-4tb-gaming-drive-works-with-playstation-4-portable-external-hard-drive-2,Gaming,Bharatpur General Store,14820,,14820.0,40,True,TOP RATED
261,Xbox Series Controller 3,xbox-series-controller-3,Gaming,New Road Console Garage,8561,7961.0,7961.0,68,True,Gaming
86,Xbox Series S,xbox-series-s,Gaming,New Road Console Garage,74999,69999.0,69999.0,8,False,Console
329,Aashirvaad Atta 2,aashirvaad-atta-2,Groceries,Barat Kirana Pasal,400,352.0,352.0,18,False,Grocery
44,Aashirvaad Atta 5kg,aashirvaad-atta-5kg,Groceries,Barat Kirana Pasal,400,377.0,377.0,38,False,Staple
46,Almond Milk,almond-milk,Groceries,Barat Kirana Pasal,110,,110.0,50,False,
136,Apple,apple,Groceries,Barat Kirana Pasal,259,226.0,226.0,8,False,HOT DEAL
523,Apple,apple-3,Groceries,Barat Kirana Pasal,259,226.0,226.0,8,False,DAILY DEAL
204,Apple - Everest Lifestyle Mart,apple-2,Groceries,Barat Kirana Pasal,259,226.0,226.0,8,False,DAILY DEAL
49,Basmati Rice (5kg Bag),basmati-rice-5kg,Groceries,Barat Kirana Pasal,700,,700.0,20,False,
330,Basmati Rice Bag,basmati-rice-bag,Groceries,Barat Kirana Pasal,700,651.0,651.0,23,False,Grocery
137,Beef Steak,beef-steak,Groceries,Barat Kirana Pasal,650,588.0,588.0,86,False,SALE
524,Beef Steak,beef-steak-3,Groceries,Barat Kirana Pasal,650,588.0,588.0,86,False,DAILY DEAL
205,Beef Steak - Everest Lifestyle Mart,beef-steak-2,Groceries,Barat Kirana Pasal,650,588.0,588.0,86,False,DAILY DEAL
22,Bhat-Bhateni Basmati Rice 5kg,bhat-bhateni-basmati-rice-5kg,Groceries,Barat Kirana Pasal,700,642.0,642.0,120,True,Daily
138,Cat Food,cat-food,Groceries,Barat Kirana Pasal,450,407.0,407.0,46,False,SPECIAL
525,Cat Food,cat-food-3,Groceries,Barat Kirana Pasal,450,407.0,407.0,46,False,DAILY DEAL
206,Cat Food - Everest Lifestyle Mart,cat-food-2,Groceries,Barat Kirana Pasal,450,407.0,407.0,46,False,DAILY DEAL
139,Chicken Meat,chicken-meat,Groceries,Barat Kirana Pasal,450,388.0,388.0,97,False,HOT DEAL
526,Chicken Meat,chicken-meat-3,Groceries,Barat Kirana Pasal,450,388.0,388.0,97,False,DAILY DEAL
207,Chicken Meat - Everest Lifestyle Mart,chicken-meat-2,Groceries,Barat Kirana Pasal,450,388.0,388.0,97,False,DAILY DEAL
333,Cold Coffee 3,cold-coffee-3,Groceries,Barat Kirana Pasal,220,194.0,194.0,38,False,Grocery
140,Cooking Oil,cooking-oil,Groceries,Barat Kirana Pasal,350,317.0,317.0,10,True,MUST HAVE
527,Cooking Oil,cooking-oil-3,Groceries,Barat Kirana Pasal,350,317.0,317.0,10,True,DAILY DEAL
208,Cooking Oil - Everest Lifestyle Mart,cooking-oil-2,Groceries,Barat Kirana Pasal,350,317.0,317.0,10,True,DAILY DEAL
141,Cucumber,cucumber,Groceries,Barat Kirana Pasal,120,120.0,120.0,84,False,FEATURED
528,Cucumber,cucumber-3,Groceries,Barat Kirana Pasal,120,120.0,120.0,84,False,DAILY NEED
209,Cucumber - Everest Lifestyle Mart,cucumber-2,Groceries,Barat Kirana Pasal,120,120.0,120.0,84,False,DAILY NEED
42,Dettol Original Soap 4 Pack,dettol-original-soap-4-pack,Groceries,Barat Kirana Pasal,320,289.0,289.0,85,True,Daily
327,Dettol Soap Pack 3,dettol-soap-pack-3,Groceries,Barat Kirana Pasal,320,297.0,297.0,8,True,Grocery
142,Dog Food,dog-food,Groceries,Barat Kirana Pasal,450,404.0,404.0,71,False,MUST HAVE
529,Dog Food,dog-food-3,Groceries,Barat Kirana Pasal,450,404.0,404.0,71,False,DAILY DEAL
210,Dog Food - Everest Lifestyle Mart,dog-food-2,Groceries,Barat Kirana Pasal,450,404.0,404.0,71,False,DAILY DEAL
143,Eggs,eggs,Groceries,Barat Kirana Pasal,350,311.0,311.0,9,False,SALE
530,Eggs,eggs-3,Groceries,Barat Kirana Pasal,350,311.0,311.0,9,False,DAILY DEAL
211,Eggs - Everest Lifestyle Mart,eggs-2,Groceries,Barat Kirana Pasal,350,311.0,311.0,9,False,DAILY DEAL
144,Fish Steak,fish-steak,Groceries,Barat Kirana Pasal,800,766.0,766.0,74,False,SALE
531,Fish Steak,fish-steak-3,Groceries,Barat Kirana Pasal,800,766.0,766.0,74,False,DAILY DEAL
212,Fish Steak - Everest Lifestyle Mart,fish-steak-2,Groceries,Barat Kirana Pasal,800,766.0,766.0,74,False,DAILY DEAL
328,Fortune Sunflower Oil,fortune-sunflower-oil,Groceries,Barat Kirana Pasal,350,325.0,325.0,13,False,Grocery
43,Fortune Sunflower Oil 1L,fortune-sunflower-oil-1l,Groceries,Barat Kirana Pasal,330,310.0,310.0,45,False,Kitchen
332,Fresh Apples,fresh-apples,Groceries,Barat Kirana Pasal,300,279.0,279.0,33,False,Grocery
45,Fresh Red Apples (1kg),fresh-red-apples-1kg,Groceries,Barat Kirana Pasal,250,,250.0,100,False,
23,Himalayan Java Coffee Beans,himalayan-java-coffee-beans,Groceries,Barat Kirana Pasal,700,622.0,622.0,80,False,Fresh
50,Onions (1kg),fresh-onions-1kg,Groceries,Barat Kirana Pasal,90,,90.0,200,False,
331,Organic Eggs 1,organic-eggs-1,Groceries,Barat Kirana Pasal,350,325.0,325.0,28,False,Grocery
48,Organic Free-Range Eggs (12 Pack),organic-eggs-12-pack,Groceries,Barat Kirana Pasal,220,,220.0,40,False,
41,Wai Wai Chicken Noodles 30 Pack,wai-wai-chicken-noodles-30-pack,Groceries,Barat Kirana Pasal,380,354.0,354.0,60,True,Local
326,Wai Wai Noodles,wai-wai-noodles,Groceries,Barat Kirana Pasal,380,353.0,353.0,73,False,Grocery
47,Whole Wheat Bread,whole-wheat-bread-brown,Groceries,Barat Kirana Pasal,80,,80.0,30,False,
285,Air Purifier Mini 3,air-purifier-mini-3,Home,Baneshwor Home Mart,4330,4026.0,4026.0,48,False,Home
131,Annibale Colombo Bed,annibale-colombo-bed,Home,Baneshwor Home Mart,8000,8000.0,8000.0,88,True,HOT DEAL
518,Annibale Colombo Bed,annibale-colombo-bed-3,Home,Baneshwor Home Mart,8000,8000.0,8000.0,88,True,HOME DEAL
199,Annibale Colombo Bed - Everest Lifestyle Mart,annibale-colombo-bed-2,Home,Baneshwor Home Mart,8000,8000.0,8000.0,88,True,HOME DEAL
132,Annibale Colombo Sofa,annibale-colombo-sofa,Home,Baneshwor Home Mart,8000,8000.0,8000.0,60,False,SPECIAL
519,Annibale Colombo Sofa,annibale-colombo-sofa-3,Home,Baneshwor Home Mart,8000,8000.0,8000.0,60,False,HOME DEAL
200,Annibale Colombo Sofa - Everest Lifestyle Mart,annibale-colombo-sofa-2,Home,Baneshwor Home Mart,8000,8000.0,8000.0,60,False,HOME DEAL
291,Bed Sheet Set 3,bed-sheet-set-3,Home,Baneshwor Home Mart,1800,1584.0,1584.0,8,True,Home
133,Bedside Table African Cherry,bedside-table-african-cherry,Home,Baneshwor Home Mart,8000,8000.0,8000.0,64,False,SPECIAL
520,Bedside Table African Cherry,bedside-table-african-cherry-3,Home,Baneshwor Home Mart,8000,8000.0,8000.0,64,False,HOME DEAL
201,Bedside Table African Cherry - Everest Lifestyle Mart,bedside-table-african-cherry-2,Home,Baneshwor Home Mart,8000,8000.0,8000.0,64,False,HOME DEAL
288,Blender Pro,blender-pro,Home,Baneshwor Home Mart,4579,4258.0,4258.0,63,False,Home
290,Curtain Set,curtain-set,Home,Baneshwor Home Mart,4745,4412.0,4412.0,73,False,Home
31,Dukan Basics Cotton Bedsheet,dukan-basics-cotton-bedsheet,Home,Baneshwor Home Mart,2499,1999.0,1999.0,55,False,Home
19,Kina Basics Cotton Bedsheet,kina-basics-cotton-bedsheet,Home,Baneshwor Home Mart,2499,1999.0,1999.0,55,False,Home
287,Kitchen Storage Rack 2,kitchen-storage-rack-2,Home,Baneshwor Home Mart,4496,3956.0,3956.0,58,False,Home
134,Knoll Saarinen Executive Conference Chair,knoll-saarinen-executive-conference-chair,Home,Baneshwor Home Mart,8000,8000.0,8000.0,26,True,MUST HAVE
521,Knoll Saarinen Executive Conference Chair,knoll-saarinen-executive-conference-chair-3,Home,Baneshwor Home Mart,8000,8000.0,8000.0,26,True,HOME DEAL
202,Knoll Saarinen Executive Conference Chair - Everest Lifestyle Mart,knoll-saarinen-executive-conference-chair-2,Home,Baneshwor Home Mart,8000,8000.0,8000.0,26,True,HOME DEAL
284,LED Desk Light,led-desk-light,Home,Baneshwor Home Mart,2200,2046.0,2046.0,43,True,Home
224,Modern Elegance Teal Armchair,modern-elegance-teal-armchair,Home,Pokhara Modern Mall,3250,,3250.0,40,False,HOME PICK
235,Modern Ergonomic Office Chair,modern-ergonomic-office-chair,Home,Pokhara Modern Mall,4615,,4615.0,62,False,HOME PICK
236,Modern Minimalist Workstation Setup,modern-minimalist-workstation-setup,Home,Pokhara Modern Mall,3185,,3185.0,64,False,HOME PICK
18,Philips Air Fryer 4.1L,philips-air-fryer-41l,Home,Baneshwor Home Mart,2750,2750.0,2750.0,19,True,Kitchen
289,Rice Cooker 1,rice-cooker-1,Home,Baneshwor Home Mart,4662,4335.0,4335.0,68,False,Home
232,Sleek Modern Leather Sofa,sleek-modern-leather-sofa,Home,Pokhara Modern Mall,3445,,3445.0,56,False,HOME PICK
286,Smart Bulb Pack,smart-bulb-pack,Home,Baneshwor Home Mart,4413,4104.0,4104.0,53,False,Home
135,Wooden Bathroom Sink With Mirror,wooden-bathroom-sink-with-mirror,Home,Baneshwor Home Mart,8000,8000.0,8000.0,7,False,HOT DEAL
522,Wooden Bathroom Sink With Mirror,wooden-bathroom-sink-with-mirror-3,Home,Baneshwor Home Mart,8000,8000.0,8000.0,7,False,HOME DEAL
203,Wooden Bathroom Sink With Mirror - Everest Lifestyle Mart,wooden-bathroom-sink-with-mirror-2,Home,Baneshwor Home Mart,8000,8000.0,8000.0,7,False,HOME DEAL
3,Dell XPS 15,dell-xps-15,Laptops,New Road Tech Suppliers,175999,159999.0,159999.0,8,True,Creator
13,Dell XPS 15 Creator,dell-xps-15-creator,Laptops,New Road Tech Suppliers,175999,159999.0,159999.0,7,True,Creator
349,Laptop Backpack 1,laptop-backpack-1,Laptops,New Road Tech Suppliers,4500,3960.0,3960.0,48,True,Laptop
346,Laptop Cooling Pad,laptop-cooling-pad,Laptops,New Road Tech Suppliers,2500,2325.0,2325.0,33,True,Laptop
342,Laptop Sleeve,laptop-sleeve,Laptops,New Road Tech Suppliers,1500,1395.0,1395.0,13,True,Laptop
14,Lenovo IdeaPad Slim 5,lenovo-ideapad-slim-5,Laptops,New Road Tech Suppliers,92999,84999.0,84999.0,21,False,Student
1,MacBook Air M3,macbook-air-m3,Laptops,New Road Tech Suppliers,189999,174999.0,174999.0,10,True,Featured
344,Mechanical Keyboard,mechanical-keyboard,Laptops,New Road Tech Suppliers,8000,7440.0,7440.0,23,True,Laptop
348,Portable Monitor,portable-monitor,Laptops,New Road Tech Suppliers,15000,13949.0,13949.0,43,True,Laptop
167,Sleek Modern Laptop for Professionals,sleek-modern-laptop-for-professionals,Laptops,New Road Tech Suppliers,12610,,12610.0,62,False,FEATURED
219,Sleek Modern Laptop for Professionals - Pokhara Modern Mall,sleek-modern-laptop-for-professionals-2,Laptops,New Road Tech Suppliers,12610,,12610.0,30,False,TECH PICK
343,USB-C Dock 1,usb-c-dock-1,Laptops,New Road Tech Suppliers,7000,6510.0,6510.0,18,True,Laptop
347,Webcam HD 2,webcam-hd-2,Laptops,New Road Tech Suppliers,4500,4185.0,4185.0,38,True,Laptop
345,Wireless Mouse 3,wireless-mouse-3,Laptops,New Road Tech Suppliers,2000,1760.0,1760.0,28,True,Laptop
340,Foldable Phone Case,foldable-phone-case,Mobiles,New Road Tech Suppliers,1200,1116.0,1116.0,73,True,Mobile
341,Mobile Grip Stand 2,mobile-grip-stand-2,Mobiles,New Road Tech Suppliers,700,616.0,616.0,8,True,Mobile
337,Power Bank 20000mAh 1,power-bank-20000mah-1,Mobiles,New Road Tech Suppliers,4500,3960.0,3960.0,58,True,Mobile
335,Samsung Charger 2,samsung-charger-2,Mobiles,New Road Tech Suppliers,1200,1116.0,1116.0,48,True,Mobile
2,Samsung Galaxy S25 Ultra,samsung-galaxy-s25-ultra,Mobiles,New Road Tech Suppliers,164999,154999.0,154999.0,18,True,Deal
339,Screen Protector 3,screen-protector-3,Mobiles,New Road Tech Suppliers,350,325.0,325.0,68,True,Mobile
336,USB-C Fast Cable,usb-c-fast-cable,Mobiles,New Road Tech Suppliers,400,372.0,372.0,53,True,Mobile
338,Wireless Earbuds,wireless-earbuds,Mobiles,New Road Tech Suppliers,5500,5115.0,5115.0,63,True,Mobile
334,iPhone 16 Cover,iphone-16-cover,Mobiles,New Road Tech Suppliers,1200,1116.0,1116.0,43,True,Mobile
11,iPhone 16 Pro Max,iphone-16-pro-max,Mobiles,New Road Tech Suppliers,199999,189999.0,189999.0,14,True,Hot
35,TP-Link Deco AX3000 WiFi 6 Mesh,tp-link-deco-ax3000-wifi-6-mesh,Networking,New Road Tech Suppliers,24999,,24999.0,50,False,WiFi 6
34,Ubiquiti UniFi Dream Machine Pro,ubiquiti-unifi-dream-machine-pro,Networking,New Road Tech Suppliers,55000,,55000.0,50,False,Network
92,Cat Food Chicken,cat-food-chicken,Pets,Patan Eco & Pet Mart,650,563.0,563.0,30,False,Pets
319,Cat Food Chicken 1,cat-food-chicken-1,Pets,Patan Eco & Pet Mart,650,604.0,604.0,38,False,Pets
323,Cat Litter 2,cat-litter-2,Pets,Patan Eco & Pet Mart,850,790.0,790.0,58,False,Pets
322,Dog Collar,dog-collar,Pets,Patan Eco & Pet Mart,550,511.0,511.0,53,False,Pets
91,Dog Food Premium,dog-food-premium,Pets,Patan Eco & Pet Mart,1100,984.0,984.0,26,True,Pets
325,Leash Set 1,leash-set-1,Pets,Patan Eco & Pet Mart,900,792.0,792.0,68,False,Pets
321,Pet Grooming Brush 3,pet-grooming-brush-3,Pets,Patan Eco & Pet Mart,550,484.0,484.0,48,False,Pets
320,Pet Toy Pack,pet-toy-pack,Pets,Patan Eco & Pet Mart,450,418.0,418.0,43,True,Pets
324,Pet Water Bowl,pet-water-bowl,Pets,Patan Eco & Pet Mart,450,418.0,418.0,63,False,Pets
259,Desk Organizer 1,desk-organizer-1,School,Boudha Books & Stationery,1008,887.0,887.0,58,False,School
256,Exam Answer Sheet Pack,exam-answer-sheet-pack,School,Boudha Books & Stationery,180,167.0,167.0,43,True,School
257,Exam Clipboard 2,exam-clipboard-2,School,Boudha Books & Stationery,220,204.0,204.0,48,False,School
488,"Fjallraven - Foldsack No. 1 Backpack, Fits 15 Laptops",fjallraven-foldsack-no-1-backpack-fits-15-laptops-3,School,Boudha Books & Stationery,5000,4500.0,4500.0,18,True,TECH DEAL
101,"Fjallraven - Foldsack No. 1 Backpack, Fits 15 Laptops - Bharatpur General Store",fjallraven-foldsack-no-1-backpack-fits-15-laptops,School,Boudha Books & Stationery,5000,4500.0,4500.0,18,True,SPECIAL
169,"Fjallraven - Foldsack No. 1 Backpack, Fits 15 Laptops - Bharatpur General Store Variant 3",fjallraven-foldsack-no-1-backpack-fits-15-laptops-2,School,Boudha Books & Stationery,5000,4500.0,4500.0,18,True,TECH DEAL
253,Lunch Box Set 1,lunch-box-set-1,School,Boudha Books & Stationery,786,730.0,730.0,28,False,School
252,School Backpack,school-backpack,School,Boudha Books & Stationery,749,696.0,696.0,23,False,School
77,School Bag Urban Pro,school-bag-urban-pro,School,Boudha Books & Stationery,2899,2399.0,2399.0,28,False,School
255,Scientific Calculator 3,scientific-calculator-3,School,Boudha Books & Stationery,860,756.0,756.0,38,False,School
76,Scientific Calculator Pro,scientific-calculator-pro,School,Boudha Books & Stationery,1999,1699.0,1699.0,60,False,Math
254,Study Lamp,study-lamp,School,Boudha Books & Stationery,823,765.0,765.0,33,False,School
75,Study Lamp LED Desk Light,study-lamp-led-desk-light,School,Boudha Books & Stationery,1000,833.0,833.0,44,False,Study
486,Study Lamp LED Desk Light,study-lamp-led-desk-light-3,School,Boudha Books & Stationery,1000,833.0,833.0,36,False,Study
99,Study Lamp LED Desk Light - New Road Tech Suppliers,study-lamp-led-desk-light-2,School,Boudha Books & Stationery,1000,833.0,833.0,36,False,Study
258,Water Bottle Set,water-bottle-set,School,Boudha Books & Stationery,971,903.0,903.0,53,False,School
292,Basketball Pro 2,basketball-pro-2,Sports,Kalanki Sports Hub,2200,2046.0,2046.0,18,True,Sports
81,Basketball Training Ball,basketball-training-ball,Sports,Kalanki Sports Hub,2200,1886.0,1886.0,20,False,Basketball
32,Dukan Basics Dumbbell Set 20kg,dukan-basics-dumbbell-set-20kg,Sports,Kalanki Sports Hub,3250,3250.0,3250.0,17,True,Workout
482,Dukan Basics Dumbbell Set 20kg,dukan-basics-dumbbell-set-20kg-3,Sports,Kalanki Sports Hub,3250,3250.0,3250.0,17,True,Workout
70,Dukan Basics Dumbbell Set 20kg - Kalanki Sports Hub,dukan-basics-dumbbell-set-20kg-2,Sports,Kalanki Sports Hub,3250,3250.0,3250.0,17,True,Workout
293,Dumbbell Set,dumbbell-set,Sports,Kalanki Sports Hub,3000,2790.0,2790.0,23,True,Sports
82,Dumbbell Set 20kg,dumbbell-set-20kg,Sports,Kalanki Sports Hub,3250,3250.0,3250.0,17,True,Workout
80,Football Training Ball,football-training-ball,Sports,Kalanki Sports Hub,2000,1760.0,1760.0,24,True,Football
296,Gym Water Bottle 3,gym-water-bottle-3,Sports,Kalanki Sports Hub,550,511.0,511.0,38,True,Sports
298,Jump Rope 2,jump-rope-2,Sports,Kalanki Sports Hub,600,528.0,528.0,48,True,Sports
28,Kina Basics Dumbbell Set 20kg,kina-basics-dumbbell-set-20kg,Sports,Kalanki Sports Hub,3250,3250.0,3250.0,17,True,Workout
27,Nike Training Yoga Mat,nike-training-yoga-mat,Sports,Kalanki Sports Hub,3500,2940.0,2940.0,31,False,Fitness
481,Nike Training Yoga Mat,nike-training-yoga-mat-3,Sports,Kalanki Sports Hub,3500,2940.0,2940.0,31,False,Fitness
69,Nike Training Yoga Mat - Kalanki Sports Hub,nike-training-yoga-mat-2,Sports,Kalanki Sports Hub,3500,2940.0,2940.0,31,False,Fitness
294,Resistance Bands 1,resistance-bands-1,Sports,Kalanki Sports Hub,1000,880.0,880.0,28,True,Sports
297,Skate Helmet,skate-helmet,Sports,Kalanki Sports Hub,3000,2790.0,2790.0,43,True,Sports
295,Yoga Mat,yoga-mat,Sports,Kalanki Sports Hub,2200,2046.0,2046.0,33,True,Sports
245,A4 Notebook Bundle 2,a4-notebook-bundle-2,Stationery,Boudha Books & Stationery,380,353.0,353.0,58,False,Stationery
251,Clip Board 2,clip-board-2,Stationery,Boudha Books & Stationery,180,158.0,158.0,18,False,Stationery
79,Gel Pen Pack,gel-pen-pack,Stationery,Boudha Books & Stationery,350,325.0,325.0,53,False,Stationery
247,Geometry Box 1,geometry-box-1,Stationery,Boudha Books & Stationery,220,193.0,193.0,68,False,Stationery
246,Highlighter Set,highlighter-set,Stationery,Boudha Books & Stationery,260,242.0,242.0,63,False,Stationery
250,Marker Set,marker-set,Stationery,Boudha Books & Stationery,350,325.0,325.0,13,False,Stationery
248,Planner Notebook,planner-notebook,Stationery,Boudha Books & Stationery,400,371.0,371.0,73,False,Stationery
78,Pocket Notebook Set,pocket-notebook-set,Stationery,Boudha Books & Stationery,380,304.0,304.0,120,False,Notes
249,Sticky Notes Pack 3,sticky-notes-pack-3,Stationery,Boudha Books & Stationery,180,167.0,167.0,8,True,Stationery
