id,product_name,slug,category,store,price,discount_price,effective_price,stock,is_featured,tag
113,Acer SB220Q bi 21.5 inches Full HD (1920 x 1080) IPS Ultra-Thin,acer-sb220q-bi-215-inches-full-hd-1920-x-1080-ips-ultra-thin,Accessories,Bharatpur General Store,77870.00,70083.00,70083.00,42,False,HOT DEAL
500,Acer SB220Q bi 21.5 inches Full HD (1920 x 1080) IPS Ultra-Thin,acer-sb220q-bi-215-inches-full-hd-1920-x-1080-ips-ultra-thin-3,Accessories,Bharatpur General Store,77870.00,70083.00,70083.00,42,False,BEST DEAL
181,Acer SB220Q bi 21.5 inches Full HD (1920 x 1080) IPS Ultra-Thin - Bharatpur General Store,acer-sb220q-bi-215-inches-full-hd-1920-x-1080-ips-ultra-thin-2,Accessories,Bharatpur General Store,77870.00,70083.00,70083.00,42,False,BEST DEAL
37,Anker 735 Charger (GaNPrime 65W),anker-735-charger-ganprime-65w,Accessories,New Road Tech Suppliers,8999.00,,8999.00,50,False,Charger
269,Arduino Uno Kit 2,arduino-uno-kit-2,Accessories,New Road Tech Suppliers,3002.00,2791.00,2791.00,38,False,Maker
84,Arduino Uno Learning Kit,arduino-uno-learning-kit,Accessories,New Road Tech Suppliers,8999.00,7999.00,7999.00,20,False,Maker
275,Cable Organizer 2,cable-organizer-2,Accessories,New Road Tech Suppliers,3500.00,3080.00,3080.00,68,False,Maker
40,CalDigit TS4 Thunderbolt 4 Dock,caldigit-ts4-thunderbolt-4-dock,Accessories,New Road Tech Suppliers,62000.00,,62000.00,50,False,Dock
542,Classic Black Baseball Cap,classic-black-baseball-cap-2,Accessories,Pokhara Modern Mall,7540.00,,7540.00,38,False,STYLE PICK
535,Classic Black Hooded Sweatshirt,classic-black-hooded-sweatshirt-3,Accessories,Pokhara Modern Mall,10270.00,,10270.00,24,False,STYLE PICK
547,Classic Black T-Shirt,classic-black-t-shirt-3,Accessories,Pokhara Modern Mall,4550.00,,4550.00,48,False,STYLE PICK
540,Classic Blue Baseball Cap,classic-blue-baseball-cap-2,Accessories,Pokhara Modern Mall,11180.00,10062.00,10062.00,34,False,STYLE DEAL
227,Classic Blue Suede Casual Shoes,classic-blue-suede-casual-shoes,Accessories,Pokhara Modern Mall,5070.00,,5070.00,46,False,STYLE PICK
537,Classic Comfort Drawstring Joggers,classic-comfort-drawstring-joggers-3,Accessories,Pokhara Modern Mall,10270.00,,10270.00,28,False,STYLE PICK
536,Classic Comfort Fit Joggers,classic-comfort-fit-joggers-3,Accessories,Pokhara Modern Mall,3250.00,2925.00,2925.00,26,False,STYLE DEAL
534,Classic Grey Hooded Sweatshirt,classic-grey-hooded-sweatshirt-3,Accessories,Pokhara Modern Mall,11700.00,,11700.00,22,False,STYLE PICK
533,Classic Heather Gray Hoodie,classic-heather-gray-hoodie-3,Accessories,Pokhara Modern Mall,8970.00,,8970.00,20,True,STYLE PICK
544,Classic High-Waisted Athletic Shorts,classic-high-waisted-athletic-shorts-2,Accessories,Pokhara Modern Mall,5590.00,5031.00,5031.00,42,False,BEST DEAL
539,Classic Navy Blue Baseball Cap,classic-navy-blue-baseball-cap-3,Accessories,Pokhara Modern Mall,7930.00,,7930.00,32,False,STYLE PICK
543,Classic Olive Chino Shorts,classic-olive-chino-shorts-2,Accessories,Pokhara Modern Mall,10920.00,,10920.00,40,False,SHOP PICK
541,Classic Red Baseball Cap,classic-red-baseball-cap-2,Accessories,Pokhara Modern Mall,4550.00,,4550.00,36,False,STYLE PICK
538,Classic Red Jogger Sweatpants,classic-red-jogger-sweatpants-3,Accessories,Pokhara Modern Mall,12740.00,,12740.00,30,False,STYLE PICK
532,Classic Red Pullover Hoodie,classic-red-pullover-hoodie-3,Accessories,Pokhara Modern Mall,1300.00,1170.00,1170.00,18,True,STYLE DEAL
545,Classic White Crew Neck T-Shirt,classic-white-crew-neck-t-shirt-3,Accessories,Pokhara Modern Mall,5070.00,,5070.00,44,False,STYLE PICK
546,Classic White Tee - Timeless Style and Comfort,classic-white-tee-timeless-style-and-comfort-3,Accessories,Pokhara Modern Mall,9490.00,,9490.00,46,False,STYLE PICK
36,Corsair MM300 PRO Extended Mouse Pad,corsair-mm300-pro-extended-mouse-pad,Accessories,New Road Tech Suppliers,4500.00,,4500.00,50,False,Desk
551,Efficient 2-Slice Toaster,efficient-2-slice-toaster-3,Accessories,Pokhara Modern Mall,6240.00,,6240.00,56,False,SHOP PICK
234,Futuristic Holographic Soccer Cleats,futuristic-holographic-soccer-cleats,Accessories,Pokhara Modern Mall,5070.00,,5070.00,60,False,SHOP PICK
230,Futuristic Silver and Gold High-Top Sneaker,futuristic-silver-and-gold-high-top-sneaker,Accessories,Pokhara Modern Mall,8840.00,,8840.00,52,False,STYLE PICK
270,Graphic Tablet,graphic-tablet,Accessories,New Road Tech Suppliers,3085.00,2869.00,2869.00,43,True,Maker
39,Keychron Q1 Pro Mechanical Keyboard,keychron-q1-pro-mechanical-keyboard,Accessories,New Road Tech Suppliers,28000.00,,28000.00,50,False,Custom
274,Laptop Stand,laptop-stand,Accessories,New Road Tech Suppliers,3417.00,3177.00,3177.00,63,False,Maker
8,Logitech MX Mechanical,logitech-mx-mechanical,Accessories,New Road Tech Suppliers,19999.00,17999.00,17999.00,18,False,Keyboard
118,MBJ Women's Solid Short Sleeve Boat Neck V,mbj-womens-solid-short-sleeve-boat-neck-v,Accessories,Bharatpur General Store,1280.00,,1280.00,52,True,BEST SELLER
505,MBJ Women's Solid Short Sleeve Boat Neck V,mbj-womens-solid-short-sleeve-boat-neck-v-3,Accessories,Bharatpur General Store,1280.00,,1280.00,52,True,TOP RATED
186,MBJ Women's Solid Short Sleeve Boat Neck V - Bharatpur General Store,mbj-womens-solid-short-sleeve-boat-neck-v-2,Accessories,Bharatpur General Store,1280.00,,1280.00,52,True,TOP RATED
491,Mens Casual Slim Fit,mens-casual-slim-fit-3,Accessories,Bharatpur General Store,2079.00,,2079.00,24,False,SHOP PICK
104,Mens Casual Slim Fit - Bharatpur General Store,mens-casual-slim-fit,Accessories,Bharatpur General Store,2079.00,,2079.00,24,False,NEW ARRIVAL
172,Mens Casual Slim Fit - Bharatpur General Store Variant 3,mens-casual-slim-fit-2,Accessories,Bharatpur General Store,2079.00,,2079.00,24,False,SHOP PICK
506,Opna Women's Short Sleeve Moisture,opna-womens-short-sleeve-moisture-3,Accessories,Bharatpur General Store,1034.00,,1034.00,54,False,SHOP PICK
119,Opna Women's Short Sleeve Moisture - Bharatpur General Store,opna-womens-short-sleeve-moisture,Accessories,Bharatpur General Store,1034.00,,1034.00,54,False,POPULAR
187,Opna Women's Short Sleeve Moisture - Bharatpur General Store Variant 3,opna-womens-short-sleeve-moisture-2,Accessories,Bharatpur General Store,1034.00,,1034.00,54,False,SHOP PICK
98,Phone Case Pack,phone-case-pack,Accessories,New Road Tech Suppliers,899.00,699.00,699.00,100,False,Phone
273,Phone Case Pack 3,phone-case-pack-3,Accessories,New Road Tech Suppliers,3334.00,3100.00,3100.00,58,False,Maker
272,Portable SSD,portable-ssd,Accessories,New Road Tech Suppliers,3251.00,3023.00,3023.00,53,False,Maker
268,Raspberry Pi 5 Kit,raspberry-pi-5-kit,Accessories,New Road Tech Suppliers,2919.00,2714.00,2714.00,33,False,Maker
83,Raspberry Pi 5 Starter Kit,raspberry-pi-5-starter-kit,Accessories,New Road Tech Suppliers,12999.00,11999.00,11999.00,16,True,Maker
487,Raspberry Pi 5 Starter Kit,raspberry-pi-5-starter-kit-3,Accessories,New Road Tech Suppliers,12999.00,11999.00,11999.00,10,False,Maker
100,Raspberry Pi 5 Starter Kit - New Road Tech Suppliers,raspberry-pi-5-starter-kit-2,Accessories,New Road Tech Suppliers,12999.00,11999.00,11999.00,10,False,Maker
10,Samsung T7 Shield SSD 2TB,samsung-t7-shield-ssd-2tb,Accessories,New Road Tech Suppliers,16999.00,14999.00,14999.00,40,False,Storage
38,SanDisk 1TB Dual Drive USB-C,sandisk-1tb-dual-drive-usb-c,Accessories,New Road Tech Suppliers,9500.00,,9500.00,50,False,Storage
110,SanDisk SSD PLUS 1TB Internal SSD - SATA III 6 Gb/s,sandisk-ssd-plus-1tb-internal-ssd-sata-iii-6-gbs,Accessories,Bharatpur General Store,14170.00,,14170.00,36,False,TRENDING
497,SanDisk SSD PLUS 1TB Internal SSD - SATA III 6 Gb/s,sandisk-ssd-plus-1tb-internal-ssd-sata-iii-6-gbs-3,Accessories,Bharatpur General Store,14170.00,,14170.00,36,False,TECH PICK
178,SanDisk SSD PLUS 1TB Internal SSD - SATA III 6 Gb/s - Bharatpur General Store,sandisk-ssd-plus-1tb-internal-ssd-sata-iii-6-gbs-2,Accessories,Bharatpur General Store,14170.00,,14170.00,36,False,TECH PICK
111,Silicon Power 256GB SSD 3D NAND A55 SLC Cache Performance Boost SATA III 2.5,silicon-power-256gb-ssd-3d-nand-a55-slc-cache-performance-boost-sata-iii-25,Accessories,Bharatpur General Store,14170.00,,14170.00,38,True,POPULAR
498,Silicon Power 256GB SSD 3D NAND A55 SLC Cache Performance Boost SATA III 2.5,silicon-power-256gb-ssd-3d-nand-a55-slc-cache-performance-boost-sata-iii-25-3,Accessories,Bharatpur General Store,14170.00,,14170.00,38,True,TOP RATED
179,Silicon Power 256GB SSD 3D NAND A55 SLC Cache Performance Boost SATA III 2.5 - Bharatpur General Store,silicon-power-256gb-ssd-3d-nand-a55-slc-cache-performance-boost-sata-iii-25-2,Accessories,Bharatpur General Store,14170.00,,14170.00,38,True,TOP RATED
550,Sleek Comfort-Fit Over-Ear Headphones,sleek-comfort-fit-over-ear-headphones-3,Accessories,Pokhara Modern Mall,3640.00,,3640.00,54,False,SHOP PICK
553,Sleek Modern Laptop for Professionals,sleek-modern-laptop-for-professionals-3,Accessories,Pokhara Modern Mall,12610.00,,12610.00,62,False,TECH PICK
233,Sleek Modern Laptop with Ambient Lighting,sleek-modern-laptop-with-ambient-lighting,Accessories,Pokhara Modern Mall,5590.00,,5590.00,60,False,TECH PICK
168,Sleek Smartwatch with Vibrant Display,sleek-smartwatch-with-vibrant-display,Accessories,Pokhara Modern Mall,2080.00,,2080.00,64,False,TRENDING
548,Sleek White & Orange Wireless Gaming Controller,sleek-white-orange-wireless-gaming-controller-2,Accessories,Pokhara Modern Mall,8970.00,8073.00,8073.00,50,False,BEST DEAL
164,Sleek Wireless Computer Mouse,sleek-wireless-computer-mouse,Accessories,Pokhara Modern Mall,1300.00,,1300.00,56,False,NEW ARRIVAL
552,Sleek Wireless Computer Mouse,sleek-wireless-computer-mouse-3,Accessories,Pokhara Modern Mall,1300.00,1170.00,1170.00,58,False,TECH DEAL
231,Sleek Wireless Computer Mouse - Pokhara Modern Mall,sleek-wireless-computer-mouse-2,Accessories,Pokhara Modern Mall,1300.00,,1300.00,54,False,TECH PICK
549,Sleek Wireless Headphone & Inked Earbud Set,sleek-wireless-headphone-inked-earbud-set-2,Accessories,Pokhara Modern Mall,5720.00,,5720.00,52,False,SHOP PICK
106,Solid Gold Petite Micropave,solid-gold-petite-micropave,Accessories,Bharatpur General Store,21840.00,,21840.00,28,False,TRENDING
493,Solid Gold Petite Micropave,solid-gold-petite-micropave-3,Accessories,Bharatpur General Store,21840.00,,21840.00,28,False,SHOP PICK
174,Solid Gold Petite Micropave - Bharatpur General Store,solid-gold-petite-micropave-2,Accessories,Bharatpur General Store,21840.00,,21840.00,28,False,SHOP PICK
229,Stylish Red & Silver Over-Ear Headphones,stylish-red-silver-over-ear-headphones,Accessories,Pokhara Modern Mall,5070.00,,5070.00,64,False,SHOP PICK
271,USB-C Hub 1,usb-c-hub-1,Accessories,New Road Tech Suppliers,3168.00,2787.00,2787.00,48,False,Maker
109,WD 2TB Elements Portable External Hard Drive - USB 3.0,wd-2tb-elements-portable-external-hard-drive-usb-30,Accessories,Bharatpur General Store,8320.00,7488.00,7488.00,34,False,SPECIAL
496,WD 2TB Elements Portable External Hard Drive - USB 3.0,wd-2tb-elements-portable-external-hard-drive-usb-30-3,Accessories,Bharatpur General Store,8320.00,7488.00,7488.00,34,False,BEST DEAL
177,WD 2TB Elements Portable External Hard Drive - USB 3.0 - Bharatpur General Store,wd-2tb-elements-portable-external-hard-drive-usb-30-2,Accessories,Bharatpur General Store,8320.00,7488.00,7488.00,34,False,BEST DEAL
107,White Gold Plated Princess,white-gold-plated-princess,Accessories,Bharatpur General Store,1299.00,,1299.00,30,False,FEATURED
494,White Gold Plated Princess,white-gold-plated-princess-3,Accessories,Bharatpur General Store,1299.00,,1299.00,30,False,SHOP PICK
175,White Gold Plated Princess - Bharatpur General Store,white-gold-plated-princess-2,Accessories,Bharatpur General Store,1299.00,,1299.00,30,False,SHOP PICK
7,Xiaomi Pad 7 Pro,xiaomi-pad-7-pro,Accessories,New Road Tech Suppliers,42999.00,38999.00,38999.00,12,False,Tablet
12,Xiaomi Smart Band 9,xiaomi-smart-band-9,Accessories,New Road Tech Suppliers,3999.00,3499.00,3499.00,100,False,Wearable
360,Air Fryer,air-fryer,Appliances,Baneshwor Home Mart,11053.00,10279.00,10279.00,33,False,Appliance
25,CG 190L Single Door Refrigerator,cg-190l-single-door-refrigerator,Appliances,Baneshwor Home Mart,32999.00,29999.00,29999.00,11,True,Appliance
166,Efficient 2-Slice Toaster,efficient-2-slice-toaster,Appliances,Pokhara Modern Mall,6240.00,,6240.00,60,False,NEW ARRIVAL
222,Efficient 2-Slice Toaster - Pokhara Modern Mall,efficient-2-slice-toaster-2,Appliances,Pokhara Modern Mall,6240.00,,6240.00,36,False,HOME PICK
359,Electric Kettle 2,electric-kettle-2,Appliances,Baneshwor Home Mart,10970.00,10202.00,10202.00,28,False,Appliance
363,Hand Blender 3,hand-blender-3,Appliances,Baneshwor Home Mart,11302.00,10510.00,10510.00,48,False,Appliance
358,Mixer Grinder,mixer-grinder,Appliances,Baneshwor Home Mart,10887.00,10124.00,10124.00,23,False,Appliance
365,Rice Cooker Mini 2,rice-cooker-mini-2,Appliances,Baneshwor Home Mart,11468.00,10091.00,10091.00,58,False,Appliance
362,Toaster Oven,toaster-oven,Appliances,Baneshwor Home Mart,11219.00,10433.00,10433.00,43,True,Appliance
364,Vacuum Cleaner,vacuum-cleaner,Appliances,Baneshwor Home Mart,11385.00,10588.00,10588.00,53,False,Appliance
361,Water Filter 1,water-filter-1,Appliances,Baneshwor Home Mart,11136.00,9799.00,9799.00,38,False,Appliance
26,Xiaomi Smart Air Purifier 4,xiaomi-smart-air-purifier-4,Appliances,Baneshwor Home Mart,23999.00,20999.00,20999.00,15,False,Clean Air
4,AirPods Pro 3,airpods-pro-3,Audio,New Road Tech Suppliers,34999.00,31999.00,31999.00,50,True,ANC
350,Bluetooth Speaker,bluetooth-speaker,Audio,New Road Tech Suppliers,10223.00,9507.00,9507.00,53,False,Audio
357,Car Audio Adapter 3,car-audio-adapter-3,Audio,New Road Tech Suppliers,10804.00,9507.00,9507.00,18,False,Audio
352,Earbuds Pro,earbuds-pro,Audio,New Road Tech Suppliers,10389.00,9661.00,9661.00,63,False,Audio
354,Podcast Mic,podcast-mic,Audio,New Road Tech Suppliers,10555.00,9816.00,9816.00,73,False,Audio
356,Portable Audio DAC,portable-audio-dac,Audio,New Road Tech Suppliers,10721.00,9970.00,9970.00,13,False,Audio
165,Sleek Comfort-Fit Over-Ear Headphones,sleek-comfort-fit-over-ear-headphones,Audio,New Road Tech Suppliers,3640.00,3276.00,3276.00,58,False,SPECIAL
226,Sleek Comfort-Fit Over-Ear Headphones - Pokhara Modern Mall,sleek-comfort-fit-over-ear-headphones-2,Audio,New Road Tech Suppliers,3640.00,,3640.00,44,False,AUDIO PICK
163,Sleek Wireless Headphone & Inked Earbud Set,sleek-wireless-headphone-inked-earbud-set,Audio,New Road Tech Suppliers,5720.00,,5720.00,54,False,NEW ARRIVAL
6,Sony WH-1000XM6,sony-wh-1000xm6,Audio,New Road Tech Suppliers,44999.00,39999.00,39999.00,25,True,Premium
353,Soundbar Mini 2,soundbar-mini-2,Audio,New Road Tech Suppliers,10472.00,9215.00,9215.00,68,False,Audio
355,Studio Headphones 1,studio-headphones-1,Audio,New Road Tech Suppliers,10638.00,9893.00,9893.00,8,True,Audio
351,Wireless Headphones 3,wireless-headphones-3,Audio,New Road Tech Suppliers,10306.00,9584.00,9584.00,58,False,Audio
88,Bike Helmet Pro,bike-helmet-pro,Automotive & Bikes,Teku Auto & Bike Store,3999.00,3399.00,3399.00,22,True,Ride
301,Bike Lock,bike-lock,Automotive & Bikes,Teku Auto & Bike Store,5907.00,5493.00,5493.00,73,False,Ride
89,Bike Phone Holder,bike-phone-holder,Automotive & Bikes,Teku Auto & Bike Store,1299.00,999.00,999.00,30,False,Ride
299,Bike Phone Holder 1,bike-phone-holder-1,Automotive & Bikes,Teku Auto & Bike Store,5658.00,5261.00,5261.00,58,False,Ride
302,Car Vacuum 2,car-vacuum-2,Automotive & Bikes,Teku Auto & Bike Store,5990.00,5570.00,5570.00,8,True,Ride
303,Dash Cam,dash-cam,Automotive & Bikes,Teku Auto & Bike Store,6073.00,5647.00,5647.00,13,False,Ride
90,LED Bike Light Set,led-bike-light-set,Automotive & Bikes,Teku Auto & Bike Store,1599.00,1299.00,1299.00,34,False,Safety
304,Riding Gloves 1,riding-gloves-1,Automotive & Bikes,Teku Auto & Bike Store,6156.00,5417.00,5417.00,18,False,Ride
300,Tyre Inflator 3,tyre-inflator-3,Automotive & Bikes,Teku Auto & Bike Store,5824.00,5125.00,5125.00,68,False,Ride
126,Calvin Klein CK One,calvin-klein-ck-one,Beauty,Everest Lifestyle Mart,6499.00,6376.00,6376.00,29,False,SALE
513,Calvin Klein CK One,calvin-klein-ck-one-3,Beauty,Everest Lifestyle Mart,6499.00,6376.00,6376.00,29,False,BEAUTY DEAL
194,Calvin Klein CK One - Everest Lifestyle Mart,calvin-klein-ck-one-2,Beauty,Everest Lifestyle Mart,6499.00,6376.00,6376.00,29,False,BEAUTY DEAL
127,Chanel Coco Noir Eau De,chanel-coco-noir-eau-de,Beauty,Everest Lifestyle Mart,16899.00,14109.00,14109.00,58,False,SPECIAL
514,Chanel Coco Noir Eau De,chanel-coco-noir-eau-de-3,Beauty,Everest Lifestyle Mart,16899.00,14109.00,14109.00,58,False,BEAUTY DEAL
195,Chanel Coco Noir Eau De - Everest Lifestyle Mart,chanel-coco-noir-eau-de-2,Beauty,Everest Lifestyle Mart,16899.00,14109.00,14109.00,58,False,BEAUTY DEAL
128,Dior J'adore,dior-jadore,Beauty,Everest Lifestyle Mart,11699.00,9977.00,9977.00,98,False,SALE
515,Dior J'adore,dior-jadore-3,Beauty,Everest Lifestyle Mart,11699.00,9977.00,9977.00,98,False,BEAUTY DEAL
196,Dior J'adore - Everest Lifestyle Mart,dior-jadore-2,Beauty,Everest Lifestyle Mart,11699.00,9977.00,9977.00,98,False,BEAUTY DEAL
129,Dolce Shine Eau de,dolce-shine-eau-de,Beauty,Everest Lifestyle Mart,9099.00,9043.00,9043.00,4,False,HOT DEAL
516,Dolce Shine Eau de,dolce-shine-eau-de-3,Beauty,Everest Lifestyle Mart,9099.00,9043.00,9043.00,4,False,BEAUTY DEAL
197,Dolce Shine Eau de - Everest Lifestyle Mart,dolce-shine-eau-de-2,Beauty,Everest Lifestyle Mart,9099.00,9043.00,9043.00,4,False,BEAUTY DEAL
121,Essence Mascara Lash Princess,essence-mascara-lash-princess,Beauty,Everest Lifestyle Mart,1299.00,1163.00,1163.00,99,True,HOT DEAL
508,Essence Mascara Lash Princess,essence-mascara-lash-princess-3,Beauty,Everest Lifestyle Mart,1299.00,1163.00,1163.00,99,True,BEAUTY DEAL
189,Essence Mascara Lash Princess - Everest Lifestyle Mart,essence-mascara-lash-princess-2,Beauty,Everest Lifestyle Mart,1299.00,1163.00,1163.00,99,True,BEAUTY DEAL
122,Eyeshadow Palette with Mirror,eyeshadow-palette-with-mirror,Beauty,Everest Lifestyle Mart,2599.00,2126.00,2126.00,34,True,HOT DEAL
509,Eyeshadow Palette with Mirror,eyeshadow-palette-with-mirror-3,Beauty,Everest Lifestyle Mart,2599.00,2126.00,2126.00,34,True,BEAUTY DEAL
190,Eyeshadow Palette with Mirror - Everest Lifestyle Mart,eyeshadow-palette-with-mirror-2,Beauty,Everest Lifestyle Mart,2599.00,2126.00,2126.00,34,True,BEAUTY DEAL
130,Gucci Bloom Eau de,gucci-bloom-eau-de,Beauty,Everest Lifestyle Mart,10399.00,8903.00,8903.00,91,False,SPECIAL
517,Gucci Bloom Eau de,gucci-bloom-eau-de-3,Beauty,Everest Lifestyle Mart,10399.00,8903.00,8903.00,91,False,BEAUTY DEAL
198,Gucci Bloom Eau de - Everest Lifestyle Mart,gucci-bloom-eau-de-2,Beauty,Everest Lifestyle Mart,10399.00,8903.00,8903.00,91,False,BEAUTY DEAL
21,Philips Beard Trimmer,philips-beard-trimmer,Beauty,Baneshwor Home Mart,4999.00,3999.00,3999.00,36,False,Grooming
123,Powder Canister,powder-canister,Beauty,Everest Lifestyle Mart,1949.00,1757.00,1757.00,89,True,HOT DEAL
510,Powder Canister,powder-canister-3,Beauty,Everest Lifestyle Mart,1949.00,1757.00,1757.00,89,True,BEAUTY DEAL
191,Powder Canister - Everest Lifestyle Mart,powder-canister-2,Beauty,Everest Lifestyle Mart,1949.00,1757.00,1757.00,89,True,BEAUTY DEAL
124,Red Lipstick,red-lipstick,Beauty,Everest Lifestyle Mart,1689.00,1484.00,1484.00,91,False,HOT DEAL
511,Red Lipstick,red-lipstick-3,Beauty,Everest Lifestyle Mart,1689.00,1484.00,1484.00,91,False,BEAUTY DEAL
192,Red Lipstick - Everest Lifestyle Mart,red-lipstick-2,Beauty,Everest Lifestyle Mart,1689.00,1484.00,1484.00,91,False,BEAUTY DEAL
125,Red Nail Polish,red-nail-polish,Beauty,Everest Lifestyle Mart,1169.00,1035.00,1035.00,79,False,HOT DEAL
512,Red Nail Polish,red-nail-polish-3,Beauty,Everest Lifestyle Mart,1169.00,1035.00,1035.00,79,False,BEAUTY DEAL
193,Red Nail Polish - Everest Lifestyle Mart,red-nail-polish-2,Beauty,Everest Lifestyle Mart,1169.00,1035.00,1035.00,79,False,BEAUTY DEAL
20,The Ordinary Niacinamide 10%,the-ordinary-niacinamide-10,Beauty,Baneshwor Home Mart,2499.00,2199.00,2199.00,42,True,Beauty
238,+2 Physics Book 3,2-physics-book-3,Books,Boudha Books & Stationery,194.00,180.00,180.00,18,True,Book
366,Anime Art Book 2,anime-art-book-2,Books,Boudha Books & Stationery,1689.00,1570.00,1570.00,63,True,Book
29,Atomic Habits,atomic-habits,Books,Boudha Books & Stationery,1199.00,999.00,999.00,48,True,Book
483,Atomic Habits,atomic-habits-3,Books,Boudha Books & Stationery,1199.00,999.00,999.00,32,False,Book
71,Atomic Habits - Boudha Books & Stationery,atomic-habits-2,Books,Boudha Books & Stationery,1199.00,999.00,999.00,32,False,Book
30,Classmate Notebook Pack,classmate-notebook-pack,Books,Boudha Books & Stationery,599.00,499.00,499.00,90,False,School
484,Classmate Notebook Pack,classmate-notebook-pack-3,Books,Boudha Books & Stationery,599.00,499.00,499.00,90,False,School
72,Classmate Notebook Pack - Boudha Books & Stationery,classmate-notebook-pack-2,Books,Boudha Books & Stationery,599.00,499.00,499.00,90,False,School
429,Diversified Pro Books SEE Prep Guide 137,diversified-pro-books-see-prep-guide-137,Books,Boudha Books & Stationery,1689.00,1570.00,1570.00,63,True,Book
242,English Grammar Workbook 1,english-grammar-workbook-1,Books,Boudha Books & Stationery,342.00,318.00,318.00,38,True,Book
239,Entrance Exam Mastery,entrance-exam-mastery,Books,Boudha Books & Stationery,231.00,214.00,214.00,23,True,Book
241,GK Nepal Book,gk-nepal-book,Books,Boudha Books & Stationery,305.00,283.00,283.00,33,True,Book
369,History Atlas 1,history-atlas-1,Books,Boudha Books & Stationery,1800.00,1584.00,1584.00,8,True,Book
368,JavaScript Quick Ref 4,javascript-quick-ref-4,Books,Boudha Books & Stationery,1763.00,1639.00,1639.00,73,True,Book
244,Kids Story Book 3,kids-story-book-3,Books,Boudha Books & Stationery,416.00,366.00,366.00,48,True,Book
367,Nepali Grammar Guide 3,nepali-grammar-guide-3,Books,Boudha Books & Stationery,1726.00,1605.00,1605.00,68,True,Book
243,Novel Collection,novel-collection,Books,Boudha Books & Stationery,379.00,352.00,352.00,43,True,Book
74,Programming Books Bundle,programming-books-bundle,Books,Boudha Books & Stationery,1999.00,1799.00,1799.00,18,True,Code
240,Python Programming Book 2,python-programming-book-2,Books,Boudha Books & Stationery,268.00,235.00,235.00,28,True,Book
485,SEE Entrance Prep Books Pack,see-entrance-prep-books-pack,Books,Boudha Books & Stationery,1599.00,1399.00,1399.00,25,True,Exam
237,SEE Prep Guide,see-prep-guide,Books,Boudha Books & Stationery,157.00,146.00,146.00,13,True,Book
73,Self Help Books Collection,self-help-books-collection,Books,Boudha Books & Stationery,1599.00,1399.00,1399.00,25,True,Exam
315,Action Camera 1,action-camera-1,Cameras,New Road Tech Suppliers,16507.00,14526.00,14526.00,8,True,Camera
97,CCTV Bullet Camera,cctv-bullet-camera,Cameras,New Road Tech Suppliers,6499.00,5799.00,5799.00,14,False,Security
316,Camera Bag 3,camera-bag-3,Cameras,New Road Tech Suppliers,16781.00,15606.00,15606.00,18,True,Camera
312,Canon EOS R50,canon-eos-r50,Cameras,New Road Tech Suppliers,16096.00,14969.00,14969.00,63,True,Camera
96,Canon EOS R50 Camera,canon-eos-r50-camera,Cameras,New Road Tech Suppliers,89999.00,85999.00,85999.00,9,True,Camera
317,Lens Cleaning Kit,lens-cleaning-kit,Cameras,New Road Tech Suppliers,16918.00,15733.00,15733.00,23,True,Camera
313,Nikon Z50 2,nikon-z50-2,Cameras,New Road Tech Suppliers,16233.00,15096.00,15096.00,68,True,Camera
318,Ring Light Camera Kit 2,ring-light-camera-kit-2,Cameras,New Road Tech Suppliers,17055.00,15008.00,15008.00,28,True,Camera
314,Tripod Stand,tripod-stand,Cameras,New Road Tech Suppliers,16370.00,15224.00,15224.00,73,True,Camera
60,BIYLACLESEN Women's 3-in-1 Snowboard Jacket Winter Coats,clothing-15,Clothing & Apparel,Fashion Hub,7408.70,,7408.70,50,False,
65,DANVOUY Womens T Shirt Casual Cotton Short,clothing-20,Clothing & Apparel,Fashion Hub,1688.70,,1688.70,50,False,
56,"Fjallraven - Foldsack No. 1 Backpack, Fits 15 Laptops",clothing-1,Clothing & Apparel,Fashion Hub,14293.50,,14293.50,50,False,
61,Lock and Love Women's Removable Hooded Faux Leather Moto Biker Jacket,clothing-16,Clothing & Apparel,Fashion Hub,3893.50,,3893.50,50,False,
63,MBJ Women's Solid Short Sleeve Boat Neck V ,clothing-18,Clothing & Apparel,Fashion Hub,1280.50,,1280.50,50,False,
57,Mens Casual Premium Slim Fit T-Shirts ,clothing-2,Clothing & Apparel,Fashion Hub,2899.00,,2899.00,50,False,
59,Mens Casual Slim Fit,clothing-4,Clothing & Apparel,Fashion Hub,2078.70,,2078.70,50,False,
58,Mens Cotton Jacket,clothing-3,Clothing & Apparel,Fashion Hub,7278.70,,7278.70,50,False,
64,Opna Women's Short Sleeve Moisture,clothing-19,Clothing & Apparel,Fashion Hub,1033.50,,1033.50,50,False,
62,Rain Jacket Women Windbreaker Striped Climbing Raincoats,clothing-17,Clothing & Apparel,Fashion Hub,5198.70,,5198.70,50,False,
94,Bamboo Lunch Box,bamboo-lunch-box,Eco & Sustainable,Patan Eco & Pet Mart,1599.00,1399.00,1399.00,24,False,Eco
306,Bamboo Lunch Box 3,bamboo-lunch-box-3,Eco & Sustainable,Patan Eco & Pet Mart,6322.00,5879.00,5879.00,28,False,Eco
308,Bamboo Toothbrush,bamboo-toothbrush,Eco & Sustainable,Patan Eco & Pet Mart,6571.00,6111.00,6111.00,43,True,Eco
310,Compost Bin,compost-bin,Eco & Sustainable,Patan Eco & Pet Mart,6737.00,6265.00,6265.00,53,False,Eco
307,Jute Tote Bag 2,jute-tote-bag-2,Eco & Sustainable,Patan Eco & Pet Mart,6488.00,5709.00,5709.00,38,False,Eco
311,Reusable Grocery Bag 3,reusable-grocery-bag-3,Eco & Sustainable,Patan Eco & Pet Mart,6820.00,6001.00,6001.00,58,False,Eco
305,Reusable Water Bottle,reusable-water-bottle,Eco & Sustainable,Patan Eco & Pet Mart,6239.00,5802.00,5802.00,23,False,Eco
93,Reusable Water Bottle 1L,reusable-water-bottle-1l,Eco & Sustainable,Patan Eco & Pet Mart,1899.00,1599.00,1599.00,40,True,Eco
95,Solar Power Bank,solar-power-bank,Eco & Sustainable,Patan Eco & Pet Mart,4999.00,4399.00,4399.00,18,False,Solar
309,Steel Straw Set 1,steel-straw-set-1,Eco & Sustainable,Patan Eco & Pet Mart,6654.00,6188.00,6188.00,48,False,Eco
502,BIYLACLESEN Women's 3-in-1 Snowboard Jacket Winter Coats,biylaclesen-womens-3-in-1-snowboard-jacket-winter-coats-3,Fashion,Bharatpur General Store,7409.00,,7409.00,46,False,STYLE PICK
115,BIYLACLESEN Women's 3-in-1 Snowboard Jacket Winter Coats - Bharatpur General Store,biylaclesen-womens-3-in-1-snowboard-jacket-winter-coats,Fashion,Bharatpur General Store,7409.00,,7409.00,46,False,TRENDING
183,BIYLACLESEN Women's 3-in-1 Snowboard Jacket Winter Coats - Bharatpur General Store Variant 3,biylaclesen-womens-3-in-1-snowboard-jacket-winter-coats-2,Fashion,Bharatpur General Store,7409.00,,7409.00,46,False,STYLE PICK
282,Cap and Beanie Set,cap-and-beanie-set,Fashion,Thamel Style House,4081.00,3795.00,3795.00,33,True,Clothes
281,Cargo Pants 2,cargo-pants-2,Fashion,Thamel Style House,3998.00,3718.00,3718.00,28,True,Clothes
156,Classic Black Baseball Cap,classic-black-baseball-cap,Fashion,Pokhara Modern Mall,7540.00,,7540.00,40,False,FEATURED
148,Classic Black Hooded Sweatshirt,classic-black-hooded-sweatshirt,Fashion,Pokhara Modern Mall,10270.00,,10270.00,24,False,NEW ARRIVAL
218,Classic Black Hooded Sweatshirt - Pokhara Modern Mall,classic-black-hooded-sweatshirt-2,Fashion,Pokhara Modern Mall,10270.00,,10270.00,28,False,STYLE PICK
161,Classic Black T-Shirt,classic-black-t-shirt,Fashion,Pokhara Modern Mall,4550.00,4095.00,4095.00,50,False,SALE
228,Classic Black T-Shirt - Pokhara Modern Mall,classic-black-t-shirt-2,Fashion,Pokhara Modern Mall,4550.00,,4550.00,48,False,STYLE PICK
155,Classic Blue Baseball Cap,classic-blue-baseball-cap,Fashion,Pokhara Modern Mall,11180.00,,11180.00,38,False,TRENDING
151,Classic Comfort Drawstring Joggers,classic-comfort-drawstring-joggers,Fashion,Pokhara Modern Mall,10270.00,,10270.00,30,False,NEW ARRIVAL
217,Classic Comfort Drawstring Joggers - Pokhara Modern Mall,classic-comfort-drawstring-joggers-2,Fashion,Pokhara Modern Mall,10270.00,9243.00,9243.00,26,False,STYLE DEAL
149,Classic Comfort Fit Joggers,classic-comfort-fit-joggers,Fashion,Pokhara Modern Mall,3250.00,2925.00,2925.00,26,False,HOT DEAL
214,Classic Comfort Fit Joggers - Pokhara Modern Mall,classic-comfort-fit-joggers-2,Fashion,Pokhara Modern Mall,3250.00,,3250.00,20,True,STYLE PICK
150,Classic Grey Hooded Sweatshirt,classic-grey-hooded-sweatshirt,Fashion,Pokhara Modern Mall,11700.00,,11700.00,28,False,TRENDING
223,Classic Grey Hooded Sweatshirt - Pokhara Modern Mall,classic-grey-hooded-sweatshirt-2,Fashion,Pokhara Modern Mall,11700.00,,11700.00,38,False,STYLE PICK
147,Classic Heather Gray Hoodie,classic-heather-gray-hoodie,Fashion,Pokhara Modern Mall,8970.00,,8970.00,22,False,NEW ARRIVAL
215,Classic Heather Gray Hoodie - Pokhara Modern Mall,classic-heather-gray-hoodie-2,Fashion,Pokhara Modern Mall,8970.00,,8970.00,22,False,STYLE PICK
158,Classic High-Waisted Athletic Shorts,classic-high-waisted-athletic-shorts,Fashion,Pokhara Modern Mall,5590.00,,5590.00,44,False,NEW ARRIVAL
153,Classic Navy Blue Baseball Cap,classic-navy-blue-baseball-cap,Fashion,Pokhara Modern Mall,7930.00,7137.00,7137.00,34,False,HOT DEAL
221,Classic Navy Blue Baseball Cap - Pokhara Modern Mall,classic-navy-blue-baseball-cap-2,Fashion,Pokhara Modern Mall,7930.00,7137.00,7137.00,34,False,STYLE DEAL
157,Classic Olive Chino Shorts,classic-olive-chino-shorts,Fashion,Pokhara Modern Mall,10920.00,9828.00,9828.00,42,False,HOT DEAL
154,Classic Red Baseball Cap,classic-red-baseball-cap,Fashion,Pokhara Modern Mall,4550.00,,4550.00,36,False,NEW ARRIVAL
152,Classic Red Jogger Sweatpants,classic-red-jogger-sweatpants,Fashion,Pokhara Modern Mall,12740.00,,12740.00,32,False,TRENDING
216,Classic Red Jogger Sweatpants - Pokhara Modern Mall,classic-red-jogger-sweatpants-2,Fashion,Pokhara Modern Mall,12740.00,,12740.00,24,False,STYLE PICK
146,Classic Red Pullover Hoodie,classic-red-pullover-hoodie,Fashion,Pokhara Modern Mall,1300.00,,1300.00,20,True,TRENDING
213,Classic Red Pullover Hoodie - Pokhara Modern Mall,classic-red-pullover-hoodie-2,Fashion,Pokhara Modern Mall,1300.00,1170.00,1170.00,18,True,STYLE DEAL
159,Classic White Crew Neck T-Shirt,classic-white-crew-neck-t-shirt,Fashion,Pokhara Modern Mall,5070.00,,5070.00,46,False,FEATURED
225,Classic White Crew Neck T-Shirt - Pokhara Modern Mall,classic-white-crew-neck-t-shirt-2,Fashion,Pokhara Modern Mall,5070.00,4563.00,4563.00,42,False,STYLE DEAL
160,Classic White Tee - Timeless Style and Comfort,classic-white-tee-timeless-style-and-comfort,Fashion,Pokhara Modern Mall,9490.00,,9490.00,48,False,TRENDING
220,Classic White Tee - Timeless Style and Comfort - Pokhara Modern Mall,classic-white-tee-timeless-style-and-comfort-2,Fashion,Pokhara Modern Mall,9490.00,,9490.00,32,False,STYLE PICK
507,DANVOUY Womens T Shirt Casual Cotton Short,danvouy-womens-t-shirt-casual-cotton-short-3,Fashion,Bharatpur General Store,1689.00,,1689.00,56,False,STYLE PICK
120,DANVOUY Womens T Shirt Casual Cotton Short - Bharatpur General Store,danvouy-womens-t-shirt-casual-cotton-short,Fashion,Bharatpur General Store,1689.00,,1689.00,56,False,NEW ARRIVAL
188,DANVOUY Womens T Shirt Casual Cotton Short - Bharatpur General Store Variant 3,danvouy-womens-t-shirt-casual-cotton-short-2,Fashion,Bharatpur General Store,1689.00,,1689.00,56,False,STYLE PICK
278,Denim Jacket,denim-jacket,Fashion,Thamel Style House,3749.00,3486.00,3486.00,13,True,Clothes
276,GitHub Fork T-Shirt,github-fork-t-shirt,Fashion,Thamel Style House,500.00,420.00,420.00,73,True,Clothes
17,Goldstar Classic Sneakers,goldstar-classic-sneakers,Fashion,Thamel Style House,2199.00,1899.00,1899.00,65,True,Local
280,Graphic Tee,graphic-tee,Fashion,Thamel Style House,3915.00,3640.00,3640.00,23,True,Clothes
105,John Hardy Women's Legends Naga Gold & Silver Dragon Station Chain Bracelet,john-hardy-womens-legends-naga-gold-silver-dragon-station-chain-bracelet,Fashion,Bharatpur General Store,90350.00,81315.00,81315.00,26,True,HOT DEAL
492,John Hardy Women's Legends Naga Gold & Silver Dragon Station Chain Bracelet,john-hardy-womens-legends-naga-gold-silver-dragon-station-chain-bracelet-3,Fashion,Bharatpur General Store,90350.00,81315.00,81315.00,26,True,BEST DEAL
173,John Hardy Women's Legends Naga Gold & Silver Dragon Station Chain Bracelet - Bharatpur General Store,john-hardy-womens-legends-naga-gold-silver-dragon-station-chain-bracelet-2,Fashion,Bharatpur General Store,90350.00,81315.00,81315.00,26,True,BEST DEAL
503,Lock and Love Women's Removable Hooded Faux Leather Moto Biker Jacket,lock-and-love-womens-removable-hooded-faux-leather-moto-biker-jacket-3,Fashion,Bharatpur General Store,3894.00,,3894.00,48,False,STYLE PICK
116,Lock and Love Women's Removable Hooded Faux Leather Moto Biker Jacket - Bharatpur General Store,lock-and-love-womens-removable-hooded-faux-leather-moto-biker-jacket,Fashion,Bharatpur General Store,3894.00,,3894.00,48,False,TRENDING
184,Lock and Love Women's Removable Hooded Faux Leather Moto Biker Jacket - Bharatpur General Store Variant 3,lock-and-love-womens-removable-hooded-faux-leather-moto-biker-jacket-2,Fashion,Bharatpur General Store,3894.00,,3894.00,48,False,STYLE PICK
145,Majestic Mountain Graphic T-Shirt,majestic-mountain-graphic-t-shirt,Fashion,Pokhara Modern Mall,5720.00,5148.00,5148.00,18,True,SALE
102,Mens Casual Premium Slim Fit T-Shirts,mens-casual-premium-slim-fit-t-shirts,Fashion,Bharatpur General Store,2899.00,,2899.00,20,True,NEW ARRIVAL
489,Mens Casual Premium Slim Fit T-Shirts,mens-casual-premium-slim-fit-t-shirts-3,Fashion,Bharatpur General Store,2899.00,,2899.00,20,True,STYLE PICK
170,Mens Casual Premium Slim Fit T-Shirts - Bharatpur General Store,mens-casual-premium-slim-fit-t-shirts-2,Fashion,Bharatpur General Store,2899.00,,2899.00,20,True,STYLE PICK
490,Mens Cotton Jacket,mens-cotton-jacket-3,Fashion,Bharatpur General Store,7279.00,,7279.00,22,True,TOP RATED
103,Mens Cotton Jacket - Bharatpur General Store,mens-cotton-jacket,Fashion,Bharatpur General Store,7279.00,,7279.00,22,True,TOP RATED
171,Mens Cotton Jacket - Bharatpur General Store Variant 3,mens-cotton-jacket-2,Fashion,Bharatpur General Store,7279.00,,7279.00,22,True,TOP RATED
15,Nike Court Vision Low,nike-court-vision-low,Fashion,Thamel Style House,10499.00,8999.00,8999.00,34,True,New
277,Oversized Hoodie 1,oversized-hoodie-1,Fashion,Thamel Style House,3666.00,3409.00,3409.00,8,True,Clothes
108,Pierced Owl Rose Gold Plated Stainless Steel Double,pierced-owl-rose-gold-plated-stainless-steel-double,Fashion,Bharatpur General Store,1429.00,,1429.00,32,False,TRENDING
495,Pierced Owl Rose Gold Plated Stainless Steel Double,pierced-owl-rose-gold-plated-stainless-steel-double-3,Fashion,Bharatpur General Store,1429.00,,1429.00,32,False,STYLE PICK
176,Pierced Owl Rose Gold Plated Stainless Steel Double - Bharatpur General Store,pierced-owl-rose-gold-plated-stainless-steel-double-2,Fashion,Bharatpur General Store,1429.00,,1429.00,32,False,STYLE PICK
16,Puma Everyday Hoodie,puma-everyday-hoodie,Fashion,Thamel Style House,5999.00,4499.00,4499.00,40,False,Sale
504,Rain Jacket Women Windbreaker Striped Climbing Raincoats,rain-jacket-women-windbreaker-striped-climbing-raincoats-3,Fashion,Bharatpur General Store,5199.00,4679.00,4679.00,50,False,STYLE DEAL
117,Rain Jacket Women Windbreaker Striped Climbing Raincoats - Bharatpur General Store,rain-jacket-women-windbreaker-striped-climbing-raincoats,Fashion,Bharatpur General Store,5199.00,4679.00,4679.00,50,False,SALE
185,Rain Jacket Women Windbreaker Striped Climbing Raincoats - Bharatpur General Store Variant 3,rain-jacket-women-windbreaker-striped-climbing-raincoats-2,Fashion,Bharatpur General Store,5199.00,4679.00,4679.00,50,False,STYLE DEAL
279,Sneaker Pack 3,sneaker-pack-3,Fashion,Thamel Style House,3832.00,3372.00,3372.00,18,True,Clothes
283,Streetwear Shirt 1,streetwear-shirt-1,Fashion,Thamel Style House,4164.00,3664.00,3664.00,38,True,Clothes
51,Chicken Biryani,special-chicken-biryani,Food & Beverages,Zomato Bites,350.00,,350.00,20,False,
55,Cold Coffee with Ice Cream,cold-coffee-icecream,Food & Beverages,Zomato Bites,220.00,,220.00,30,False,
52,Margherita Pizza (12 Inch),classic-margherita-pizza,Food & Beverages,Zomato Bites,550.00,,550.00,15,False,
54,Spicy Chicken Wings (6 pcs),hot-spicy-wings,Food & Beverages,Zomato Bites,380.00,,380.00,25,False,
53,Veg Momo (10 pcs),steamed-veg-momo,Food & Beverages,Zomato Bites,150.00,,150.00,50,False,
264,Arcade Stick,arcade-stick,Gaming,New Road Console Garage,8972.00,8343.00,8343.00,13,True,Gaming
87,Ergonomic Gaming Chair,ergonomic-gaming-chair,Gaming,New Road Console Garage,23999.00,20999.00,20999.00,12,False,Setup
266,Game Storage Rack,game-storage-rack,Gaming,New Road Console Garage,9246.00,8598.00,8598.00,23,True,Gaming
262,Gaming Chair Pro,gaming-chair-pro,Gaming,New Road Console Garage,8698.00,8089.00,8089.00,73,True,Gaming
9,HP Pavilion Gaming Desktop,hp-pavilion-gaming-desktop,Gaming,New Road Console Garage,125999.00,109999.00,109999.00,5,True,Desktop
480,HP Pavilion Gaming Desktop,hp-pavilion-gaming-desktop-3,Gaming,New Road Console Garage,125999.00,109999.00,109999.00,5,True,Desktop
68,HP Pavilion Gaming Desktop - New Road Console Garage,hp-pavilion-gaming-desktop-2,Gaming,New Road Console Garage,125999.00,109999.00,109999.00,5,True,Desktop
24,Logitech G435 Wireless Headset,logitech-g435-wireless-headset,Gaming,New Road Console Garage,10999.00,9299.00,9299.00,24,False,Audio
479,Logitech G435 Wireless Headset,logitech-g435-wireless-headset-3,Gaming,New Road Console Garage,10999.00,9299.00,9299.00,24,False,Audio
67,Logitech G435 Wireless Headset - New Road Console Garage,logitech-g435-wireless-headset-2,Gaming,New Road Console Garage,10999.00,9299.00,9299.00,24,False,Audio
267,Mechanical Keyboard 3,mechanical-keyboard-3,Gaming,New Road Console Garage,9383.00,8257.00,8257.00,28,True,Gaming
260,PSX Retro Console,psx-retro-console,Gaming,New Road Console Garage,8424.00,7834.00,7834.00,63,True,Gaming
85,PlayStation 5 Digital Edition,playstation-5-digital-edition,Gaming,New Road Console Garage,89999.00,83999.00,83999.00,6,True,Console
263,RGB Mouse Pad 2,rgb-mouse-pad-2,Gaming,New Road Console Garage,8835.00,7774.00,7774.00,8,True,Gaming
5,Razer DeathAdder V3,razer-deathadder-v3,Gaming,New Road Console Garage,8999.00,7499.00,7499.00,28,True,Esports
478,Razer DeathAdder V3,razer-deathadder-v3-3,Gaming,New Road Console Garage,8999.00,7499.00,7499.00,28,True,Esports
66,Razer DeathAdder V3 - New Road Console Garage,razer-deathadder-v3-2,Gaming,New Road Console Garage,8999.00,7499.00,7499.00,28,True,Esports
114,Samsung 49-Inch CHG90 144Hz Curved Gaming Monitor (LC49HG90DMNXZA) – Super Ultrawide Screen QLED,samsung-49-inch-chg90-144hz-curved-gaming-monitor-lc49hg90dmnxza-super-ultrawide-screen-qled,Gaming,Bharatpur General Store,129999.00,,129999.00,44,False,TRENDING
501,Samsung 49-Inch CHG90 144Hz Curved Gaming Monitor (LC49HG90DMNXZA) – Super Ultrawide Screen QLED,samsung-49-inch-chg90-144hz-curved-gaming-monitor-lc49hg90dmnxza-super-ultrawide-screen-qled-3,Gaming,Bharatpur General Store,129999.00,,129999.00,44,False,TECH PICK
182,Samsung 49-Inch CHG90 144Hz Curved Gaming Monitor (LC49HG90DMNXZA) – Super Ultrawide Screen QLED - Bharatpur General Store,samsung-49-inch-chg90-144hz-curved-gaming-monitor-lc49hg90dmnxza-super-ultrawide-screen-qled-2,Gaming,Bharatpur General Store,129999.00,,129999.00,44,False,TECH PICK
162,Sleek White & Orange Wireless Gaming Controller,sleek-white-orange-wireless-gaming-controller,Gaming,New Road Console Garage,8970.00,,8970.00,52,False,TRENDING
265,VR Headset 1,vr-headset-1,Gaming,New Road Console Garage,9109.00,8471.00,8471.00,18,True,Gaming
112,WD 4TB Gaming Drive Works with Playstation 4 Portable External Hard Drive,wd-4tb-gaming-drive-works-with-playstation-4-portable-external-hard-drive,Gaming,Bharatpur General Store,14820.00,,14820.00,40,True,TOP RATED
499,WD 4TB Gaming Drive Works with Playstation 4 Portable External Hard Drive,wd-4tb-gaming-drive-works-with-playstation-4-portable-external-hard-drive-3,Gaming,Bharatpur General Store,14820.00,,14820.00,40,True,TOP RATED
180,WD 4TB Gaming Drive Works with Playstation 4 Portable External Hard Drive - Bharatpur General Store,wd-4tb-gaming-drive-works-with-playstation-4-portable-external-hard-drive-2,Gaming,Bharatpur General Store,14820.00,,14820.00,40,True,TOP RATED
261,Xbox Series Controller 3,xbox-series-controller-3,Gaming,New Road Console Garage,8561.00,7961.00,7961.00,68,True,Gaming
86,Xbox Series S,xbox-series-s,Gaming,New Road Console Garage,74999.00,69999.00,69999.00,8,False,Console
329,Aashirvaad Atta 2,aashirvaad-atta-2,Groceries,Barat Kirana Pasal,2390.00,2103.00,2103.00,18,False,Grocery
44,Aashirvaad Atta 5kg,aashirvaad-atta-5kg,Groceries,Barat Kirana Pasal,625.00,589.00,589.00,38,False,Staple
46,Almond Milk,almond-milk,Groceries,Barat Kirana Pasal,110.00,,110.00,50,False,
136,Apple,apple,Groceries,Barat Kirana Pasal,259.00,226.00,226.00,8,False,HOT DEAL
523,Apple,apple-3,Groceries,Barat Kirana Pasal,259.00,226.00,226.00,8,False,DAILY DEAL
204,Apple - Everest Lifestyle Mart,apple-2,Groceries,Barat Kirana Pasal,259.00,226.00,226.00,8,False,DAILY DEAL
49,Basmati Rice (5kg Bag),basmati-rice-5kg,Groceries,Barat Kirana Pasal,1250.00,,1250.00,20,False,
330,Basmati Rice Bag,basmati-rice-bag,Groceries,Barat Kirana Pasal,2413.00,2244.00,2244.00,23,False,Grocery
137,Beef Steak,beef-steak,Groceries,Barat Kirana Pasal,1689.00,1527.00,1527.00,86,False,SALE
524,Beef Steak,beef-steak-3,Groceries,Barat Kirana Pasal,1689.00,1527.00,1527.00,86,False,DAILY DEAL
205,Beef Steak - Everest Lifestyle Mart,beef-steak-2,Groceries,Barat Kirana Pasal,1689.00,1527.00,1527.00,86,False,DAILY DEAL
22,Bhat-Bhateni Basmati Rice 5kg,bhat-bhateni-basmati-rice-5kg,Groceries,Barat Kirana Pasal,1199.00,1099.00,1099.00,120,True,Daily
138,Cat Food,cat-food,Groceries,Barat Kirana Pasal,1169.00,1057.00,1057.00,46,False,SPECIAL
525,Cat Food,cat-food-3,Groceries,Barat Kirana Pasal,1169.00,1057.00,1057.00,46,False,DAILY DEAL
206,Cat Food - Everest Lifestyle Mart,cat-food-2,Groceries,Barat Kirana Pasal,1169.00,1057.00,1057.00,46,False,DAILY DEAL
139,Chicken Meat,chicken-meat,Groceries,Barat Kirana Pasal,1299.00,1121.00,1121.00,97,False,HOT DEAL
526,Chicken Meat,chicken-meat-3,Groceries,Barat Kirana Pasal,1299.00,1121.00,1121.00,97,False,DAILY DEAL
207,Chicken Meat - Everest Lifestyle Mart,chicken-meat-2,Groceries,Barat Kirana Pasal,1299.00,1121.00,1121.00,97,False,DAILY DEAL
333,Cold Coffee 3,cold-coffee-3,Groceries,Barat Kirana Pasal,2482.00,2184.00,2184.00,38,False,Grocery
140,Cooking Oil,cooking-oil,Groceries,Barat Kirana Pasal,649.00,588.00,588.00,10,True,MUST HAVE
527,Cooking Oil,cooking-oil-3,Groceries,Barat Kirana Pasal,649.00,588.00,588.00,10,True,DAILY DEAL
208,Cooking Oil - Everest Lifestyle Mart,cooking-oil-2,Groceries,Barat Kirana Pasal,649.00,588.00,588.00,10,True,DAILY DEAL
141,Cucumber,cucumber,Groceries,Barat Kirana Pasal,194.00,194.00,194.00,84,False,FEATURED
528,Cucumber,cucumber-3,Groceries,Barat Kirana Pasal,194.00,194.00,194.00,84,False,DAILY NEED
209,Cucumber - Everest Lifestyle Mart,cucumber-2,Groceries,Barat Kirana Pasal,194.00,194.00,194.00,84,False,DAILY NEED
42,Dettol Original Soap 4 Pack,dettol-original-soap-4-pack,Groceries,Barat Kirana Pasal,320.00,289.00,289.00,85,True,Daily
327,Dettol Soap Pack 3,dettol-soap-pack-3,Groceries,Barat Kirana Pasal,2344.00,2179.00,2179.00,8,True,Grocery
142,Dog Food,dog-food,Groceries,Barat Kirana Pasal,1429.00,1282.00,1282.00,71,False,MUST HAVE
529,Dog Food,dog-food-3,Groceries,Barat Kirana Pasal,1429.00,1282.00,1282.00,71,False,DAILY DEAL
210,Dog Food - Everest Lifestyle Mart,dog-food-2,Groceries,Barat Kirana Pasal,1429.00,1282.00,1282.00,71,False,DAILY DEAL
143,Eggs,eggs,Groceries,Barat Kirana Pasal,389.00,346.00,346.00,9,False,SALE
530,Eggs,eggs-3,Groceries,Barat Kirana Pasal,389.00,346.00,346.00,9,False,DAILY DEAL
211,Eggs - Everest Lifestyle Mart,eggs-2,Groceries,Barat Kirana Pasal,389.00,346.00,346.00,9,False,DAILY DEAL
144,Fish Steak,fish-steak,Groceries,Barat Kirana Pasal,1949.00,1867.00,1867.00,74,False,SALE
531,Fish Steak,fish-steak-3,Groceries,Barat Kirana Pasal,1949.00,1867.00,1867.00,74,False,DAILY DEAL
212,Fish Steak - Everest Lifestyle Mart,fish-steak-2,Groceries,Barat Kirana Pasal,1949.00,1867.00,1867.00,74,False,DAILY DEAL
328,Fortune Sunflower Oil,fortune-sunflower-oil,Groceries,Barat Kirana Pasal,2367.00,2201.00,2201.00,13,False,Grocery
43,Fortune Sunflower Oil 1L,fortune-sunflower-oil-1l,Groceries,Barat Kirana Pasal,330.00,310.00,310.00,45,False,Kitchen
332,Fresh Apples,fresh-apples,Groceries,Barat Kirana Pasal,2459.00,2286.00,2286.00,33,False,Grocery
45,Fresh Red Apples (1kg),fresh-red-apples-1kg,Groceries,Barat Kirana Pasal,250.00,,250.00,100,False,
23,Himalayan Java Coffee Beans,himalayan-java-coffee-beans,Groceries,Barat Kirana Pasal,899.00,799.00,799.00,80,False,Fresh
50,Onions (1kg),fresh-onions-1kg,Groceries,Barat Kirana Pasal,90.00,,90.00,200,False,
331,Organic Eggs 1,organic-eggs-1,Groceries,Barat Kirana Pasal,2436.00,2265.00,2265.00,28,False,Grocery
48,Organic Free-Range Eggs (12 Pack),organic-eggs-12-pack,Groceries,Barat Kirana Pasal,220.00,,220.00,40,False,
41,Wai Wai Chicken Noodles 30 Pack,wai-wai-chicken-noodles-30-pack,Groceries,Barat Kirana Pasal,750.00,699.00,699.00,60,True,Local
326,Wai Wai Noodles,wai-wai-noodles,Groceries,Barat Kirana Pasal,2321.00,2158.00,2158.00,73,False,Grocery
47,Whole Wheat Bread,whole-wheat-bread-brown,Groceries,Barat Kirana Pasal,80.00,,80.00,30,False,
285,Air Purifier Mini 3,air-purifier-mini-3,Home,Baneshwor Home Mart,4330.00,4026.00,4026.00,48,False,Home
131,Annibale Colombo Bed,annibale-colombo-bed,Home,Baneshwor Home Mart,246999.00,225831.00,225831.00,88,True,HOT DEAL
518,Annibale Colombo Bed,annibale-colombo-bed-3,Home,Baneshwor Home Mart,246999.00,225831.00,225831.00,88,True,HOME DEAL
199,Annibale Colombo Bed - Everest Lifestyle Mart,annibale-colombo-bed-2,Home,Baneshwor Home Mart,246999.00,225831.00,225831.00,88,True,HOME DEAL
132,Annibale Colombo Sofa,annibale-colombo-sofa,Home,Baneshwor Home Mart,324999.00,278199.00,278199.00,60,False,SPECIAL
519,Annibale Colombo Sofa,annibale-colombo-sofa-3,Home,Baneshwor Home Mart,324999.00,278199.00,278199.00,60,False,HOME DEAL
200,Annibale Colombo Sofa - Everest Lifestyle Mart,annibale-colombo-sofa-2,Home,Baneshwor Home Mart,324999.00,278199.00,278199.00,60,False,HOME DEAL
291,Bed Sheet Set 3,bed-sheet-set-3,Home,Baneshwor Home Mart,4828.00,4248.00,4248.00,8,True,Home
133,Bedside Table African Cherry,bedside-table-african-cherry,Home,Baneshwor Home Mart,38999.00,31554.00,31554.00,64,False,SPECIAL
520,Bedside Table African Cherry,bedside-table-african-cherry-3,Home,Baneshwor Home Mart,38999.00,31554.00,31554.00,64,False,HOME DEAL
201,Bedside Table African Cherry - Everest Lifestyle Mart,bedside-table-african-cherry-2,Home,Baneshwor Home Mart,38999.00,31554.00,31554.00,64,False,HOME DEAL
288,Blender Pro,blender-pro,Home,Baneshwor Home Mart,4579.00,4258.00,4258.00,63,False,Home
290,Curtain Set,curtain-set,Home,Baneshwor Home Mart,4745.00,4412.00,4412.00,73,False,Home
31,Dukan Basics Cotton Bedsheet,dukan-basics-cotton-bedsheet,Home,Baneshwor Home Mart,2499.00,1999.00,1999.00,55,False,Home
19,Kina Basics Cotton Bedsheet,kina-basics-cotton-bedsheet,Home,Baneshwor Home Mart,2499.00,1999.00,1999.00,55,False,Home
287,Kitchen Storage Rack 2,kitchen-storage-rack-2,Home,Baneshwor Home Mart,4496.00,3956.00,3956.00,58,False,Home
134,Knoll Saarinen Executive Conference Chair,knoll-saarinen-executive-conference-chair,Home,Baneshwor Home Mart,64999.00,63693.00,63693.00,26,True,MUST HAVE
521,Knoll Saarinen Executive Conference Chair,knoll-saarinen-executive-conference-chair-3,Home,Baneshwor Home Mart,64999.00,63693.00,63693.00,26,True,HOME DEAL
202,Knoll Saarinen Executive Conference Chair - Everest Lifestyle Mart,knoll-saarinen-executive-conference-chair-2,Home,Baneshwor Home Mart,64999.00,63693.00,63693.00,26,True,HOME DEAL
284,LED Desk Light,led-desk-light,Home,Baneshwor Home Mart,4247.00,3949.00,3949.00,43,True,Home
224,Modern Elegance Teal Armchair,modern-elegance-teal-armchair,Home,Pokhara Modern Mall,3250.00,,3250.00,40,False,HOME PICK
235,Modern Ergonomic Office Chair,modern-ergonomic-office-chair,Home,Pokhara Modern Mall,9230.00,,9230.00,62,False,HOME PICK
236,Modern Minimalist Workstation Setup,modern-minimalist-workstation-setup,Home,Pokhara Modern Mall,6370.00,,6370.00,64,False,HOME PICK
18,Philips Air Fryer 4.1L,philips-air-fryer-41l,Home,Baneshwor Home Mart,24999.00,21499.00,21499.00,19,True,Kitchen
289,Rice Cooker 1,rice-cooker-1,Home,Baneshwor Home Mart,4662.00,4335.00,4335.00,68,False,Home
232,Sleek Modern Leather Sofa,sleek-modern-leather-sofa,Home,Pokhara Modern Mall,6890.00,,6890.00,56,False,HOME PICK
286,Smart Bulb Pack,smart-bulb-pack,Home,Baneshwor Home Mart,4413.00,4104.00,4104.00,53,False,Home
135,Wooden Bathroom Sink With Mirror,wooden-bathroom-sink-with-mirror,Home,Baneshwor Home Mart,103999.00,94847.00,94847.00,7,False,HOT DEAL
522,Wooden Bathroom Sink With Mirror,wooden-bathroom-sink-with-mirror-3,Home,Baneshwor Home Mart,103999.00,94847.00,94847.00,7,False,HOME DEAL
203,Wooden Bathroom Sink With Mirror - Everest Lifestyle Mart,wooden-bathroom-sink-with-mirror-2,Home,Baneshwor Home Mart,103999.00,94847.00,94847.00,7,False,HOME DEAL
3,Dell XPS 15,dell-xps-15,Laptops,New Road Tech Suppliers,175999.00,159999.00,159999.00,8,True,Creator
13,Dell XPS 15 Creator,dell-xps-15-creator,Laptops,New Road Tech Suppliers,175999.00,159999.00,159999.00,7,True,Creator
349,Laptop Backpack 1,laptop-backpack-1,Laptops,New Road Tech Suppliers,21439.00,18866.00,18866.00,48,True,Laptop
346,Laptop Cooling Pad,laptop-cooling-pad,Laptops,New Road Tech Suppliers,21028.00,19556.00,19556.00,33,True,Laptop
342,Laptop Sleeve,laptop-sleeve,Laptops,New Road Tech Suppliers,20480.00,19046.00,19046.00,13,True,Laptop
14,Lenovo IdeaPad Slim 5,lenovo-ideapad-slim-5,Laptops,New Road Tech Suppliers,92999.00,84999.00,84999.00,21,False,Student
1,MacBook Air M3,macbook-air-m3,Laptops,New Road Tech Suppliers,189999.00,174999.00,174999.00,10,True,Featured
344,Mechanical Keyboard,mechanical-keyboard,Laptops,New Road Tech Suppliers,20754.00,19301.00,19301.00,23,True,Laptop
348,Portable Monitor,portable-monitor,Laptops,New Road Tech Suppliers,21302.00,19810.00,19810.00,43,True,Laptop
167,Sleek Modern Laptop for Professionals,sleek-modern-laptop-for-professionals,Laptops,New Road Tech Suppliers,12610.00,,12610.00,62,False,FEATURED
219,Sleek Modern Laptop for Professionals - Pokhara Modern Mall,sleek-modern-laptop-for-professionals-2,Laptops,New Road Tech Suppliers,12610.00,,12610.00,30,False,TECH PICK
343,USB-C Dock 1,usb-c-dock-1,Laptops,New Road Tech Suppliers,20617.00,19173.00,19173.00,18,True,Laptop
347,Webcam HD 2,webcam-hd-2,Laptops,New Road Tech Suppliers,21165.00,19683.00,19683.00,38,True,Laptop
345,Wireless Mouse 3,wireless-mouse-3,Laptops,New Road Tech Suppliers,20891.00,18384.00,18384.00,28,True,Laptop
340,Foldable Phone Case,foldable-phone-case,Mobiles,New Road Tech Suppliers,20206.00,18791.00,18791.00,73,True,Mobile
341,Mobile Grip Stand 2,mobile-grip-stand-2,Mobiles,New Road Tech Suppliers,20343.00,17901.00,17901.00,8,True,Mobile
337,Power Bank 20000mAh 1,power-bank-20000mah-1,Mobiles,New Road Tech Suppliers,19795.00,17419.00,17419.00,58,True,Mobile
335,Samsung Charger 2,samsung-charger-2,Mobiles,New Road Tech Suppliers,19521.00,18154.00,18154.00,48,True,Mobile
2,Samsung Galaxy S25 Ultra,samsung-galaxy-s25-ultra,Mobiles,New Road Tech Suppliers,164999.00,154999.00,154999.00,18,True,Deal
339,Screen Protector 3,screen-protector-3,Mobiles,New Road Tech Suppliers,20069.00,18664.00,18664.00,68,True,Mobile
336,USB-C Fast Cable,usb-c-fast-cable,Mobiles,New Road Tech Suppliers,19658.00,18281.00,18281.00,53,True,Mobile
338,Wireless Earbuds,wireless-earbuds,Mobiles,New Road Tech Suppliers,19932.00,18536.00,18536.00,63,True,Mobile
334,iPhone 16 Cover,iphone-16-cover,Mobiles,New Road Tech Suppliers,19384.00,18027.00,18027.00,43,True,Mobile
11,iPhone 16 Pro Max,iphone-16-pro-max,Mobiles,New Road Tech Suppliers,199999.00,189999.00,189999.00,14,True,Hot
35,TP-Link Deco AX3000 WiFi 6 Mesh,tp-link-deco-ax3000-wifi-6-mesh,Networking,New Road Tech Suppliers,24999.00,,24999.00,50,False,WiFi 6
34,Ubiquiti UniFi Dream Machine Pro,ubiquiti-unifi-dream-machine-pro,Networking,New Road Tech Suppliers,55000.00,,55000.00,50,False,Network
92,Cat Food Chicken,cat-food-chicken,Pets,Patan Eco & Pet Mart,1499.00,1299.00,1299.00,30,False,Pets
319,Cat Food Chicken 1,cat-food-chicken-1,Pets,Patan Eco & Pet Mart,2160.00,2008.00,2008.00,38,False,Pets
323,Cat Litter 2,cat-litter-2,Pets,Patan Eco & Pet Mart,2252.00,2094.00,2094.00,58,False,Pets
322,Dog Collar,dog-collar,Pets,Patan Eco & Pet Mart,2229.00,2072.00,2072.00,53,False,Pets
91,Dog Food Premium,dog-food-premium,Pets,Patan Eco & Pet Mart,1899.00,1699.00,1699.00,26,True,Pets
325,Leash Set 1,leash-set-1,Pets,Patan Eco & Pet Mart,2298.00,2022.00,2022.00,68,False,Pets
321,Pet Grooming Brush 3,pet-grooming-brush-3,Pets,Patan Eco & Pet Mart,2206.00,1941.00,1941.00,48,False,Pets
320,Pet Toy Pack,pet-toy-pack,Pets,Patan Eco & Pet Mart,2183.00,2030.00,2030.00,43,True,Pets
324,Pet Water Bowl,pet-water-bowl,Pets,Patan Eco & Pet Mart,2275.00,2115.00,2115.00,63,False,Pets
259,Desk Organizer 1,desk-organizer-1,School,Boudha Books & Stationery,1008.00,887.00,887.00,58,False,School
256,Exam Answer Sheet Pack,exam-answer-sheet-pack,School,Boudha Books & Stationery,897.00,834.00,834.00,43,True,School
257,Exam Clipboard 2,exam-clipboard-2,School,Boudha Books & Stationery,934.00,868.00,868.00,48,False,School
488,"Fjallraven - Foldsack No. 1 Backpack, Fits 15 Laptops",fjallraven-foldsack-no-1-backpack-fits-15-laptops-3,School,Boudha Books & Stationery,14294.00,12865.00,12865.00,18,True,TECH DEAL
101,"Fjallraven - Foldsack No. 1 Backpack, Fits 15 Laptops - Bharatpur General Store",fjallraven-foldsack-no-1-backpack-fits-15-laptops,School,Boudha Books & Stationery,14294.00,12865.00,12865.00,18,True,SPECIAL
169,"Fjallraven - Foldsack No. 1 Backpack, Fits 15 Laptops - Bharatpur General Store Variant 3",fjallraven-foldsack-no-1-backpack-fits-15-laptops-2,School,Boudha Books & Stationery,14294.00,12865.00,12865.00,18,True,TECH DEAL
253,Lunch Box Set 1,lunch-box-set-1,School,Boudha Books & Stationery,786.00,730.00,730.00,28,False,School
252,School Backpack,school-backpack,School,Boudha Books & Stationery,749.00,696.00,696.00,23,False,School
77,School Bag Urban Pro,school-bag-urban-pro,School,Boudha Books & Stationery,2899.00,2399.00,2399.00,28,False,School
255,Scientific Calculator 3,scientific-calculator-3,School,Boudha Books & Stationery,860.00,756.00,756.00,38,False,School
76,Scientific Calculator Pro,scientific-calculator-pro,School,Boudha Books & Stationery,1999.00,1699.00,1699.00,60,False,Math
254,Study Lamp,study-lamp,School,Boudha Books & Stationery,823.00,765.00,765.00,33,False,School
75,Study Lamp LED Desk Light,study-lamp-led-desk-light,School,Boudha Books & Stationery,1799.00,1499.00,1499.00,44,False,Study
486,Study Lamp LED Desk Light,study-lamp-led-desk-light-3,School,Boudha Books & Stationery,1799.00,1499.00,1499.00,36,False,Study
99,Study Lamp LED Desk Light - New Road Tech Suppliers,study-lamp-led-desk-light-2,School,Boudha Books & Stationery,1799.00,1499.00,1499.00,36,False,Study
258,Water Bottle Set,water-bottle-set,School,Boudha Books & Stationery,971.00,903.00,903.00,53,False,School
292,Basketball Pro 2,basketball-pro-2,Sports,Kalanki Sports Hub,4994.00,4644.00,4644.00,18,True,Sports
81,Basketball Training Ball,basketball-training-ball,Sports,Kalanki Sports Hub,2799.00,2399.00,2399.00,20,False,Basketball
32,Dukan Basics Dumbbell Set 20kg,dukan-basics-dumbbell-set-20kg,Sports,Kalanki Sports Hub,6999.00,5999.00,5999.00,17,True,Workout
482,Dukan Basics Dumbbell Set 20kg,dukan-basics-dumbbell-set-20kg-3,Sports,Kalanki Sports Hub,6999.00,5999.00,5999.00,17,True,Workout
70,Dukan Basics Dumbbell Set 20kg - Kalanki Sports Hub,dukan-basics-dumbbell-set-20kg-2,Sports,Kalanki Sports Hub,6999.00,5999.00,5999.00,17,True,Workout
293,Dumbbell Set,dumbbell-set,Sports,Kalanki Sports Hub,5077.00,4721.00,4721.00,23,True,Sports
82,Dumbbell Set 20kg,dumbbell-set-20kg,Sports,Kalanki Sports Hub,6999.00,5999.00,5999.00,17,True,Workout
80,Football Training Ball,football-training-ball,Sports,Kalanki Sports Hub,2499.00,2199.00,2199.00,24,True,Football
296,Gym Water Bottle 3,gym-water-bottle-3,Sports,Kalanki Sports Hub,5326.00,4953.00,4953.00,38,True,Sports
298,Jump Rope 2,jump-rope-2,Sports,Kalanki Sports Hub,5492.00,4832.00,4832.00,48,True,Sports
28,Kina Basics Dumbbell Set 20kg,kina-basics-dumbbell-set-20kg,Sports,Kalanki Sports Hub,6999.00,5999.00,5999.00,17,True,Workout
27,Nike Training Yoga Mat,nike-training-yoga-mat,Sports,Kalanki Sports Hub,4999.00,4199.00,4199.00,31,False,Fitness
481,Nike Training Yoga Mat,nike-training-yoga-mat-3,Sports,Kalanki Sports Hub,4999.00,4199.00,4199.00,31,False,Fitness
69,Nike Training Yoga Mat - Kalanki Sports Hub,nike-training-yoga-mat-2,Sports,Kalanki Sports Hub,4999.00,4199.00,4199.00,31,False,Fitness
294,Resistance Bands 1,resistance-bands-1,Sports,Kalanki Sports Hub,5160.00,4540.00,4540.00,28,True,Sports
297,Skate Helmet,skate-helmet,Sports,Kalanki Sports Hub,5409.00,5030.00,5030.00,43,True,Sports
295,Yoga Mat,yoga-mat,Sports,Kalanki Sports Hub,5243.00,4875.00,4875.00,33,True,Sports
245,A4 Notebook Bundle 2,a4-notebook-bundle-2,Stationery,Boudha Books & Stationery,490.00,455.00,455.00,58,False,Stationery
251,Clip Board 2,clip-board-2,Stationery,Boudha Books & Stationery,712.00,626.00,626.00,18,False,Stationery
79,Gel Pen Pack,gel-pen-pack,Stationery,Boudha Books & Stationery,453.00,421.00,421.00,53,False,Stationery
247,Geometry Box 1,geometry-box-1,Stationery,Boudha Books & Stationery,564.00,496.00,496.00,68,False,Stationery
246,Highlighter Set,highlighter-set,Stationery,Boudha Books & Stationery,527.00,490.00,490.00,63,False,Stationery
250,Marker Set,marker-set,Stationery,Boudha Books & Stationery,675.00,627.00,627.00,13,False,Stationery
248,Planner Notebook,planner-notebook,Stationery,Boudha Books & Stationery,601.00,558.00,558.00,73,False,Stationery
78,Pocket Notebook Set,pocket-notebook-set,Stationery,Boudha Books & Stationery,499.00,399.00,399.00,120,False,Notes
249,Sticky Notes Pack 3,sticky-notes-pack-3,Stationery,Boudha Books & Stationery,638.00,593.00,593.00,8,True,Stationery
